Time,AccelX,AccelY,AccelZ,GyroX,GyroY,GyroZ
20.0,-0.001,0.000,1.001,-3.6,1.19,1.16
40.0,-0.001,0.000,1.004,-3.38,0.97,1.28
60.0,0.003,0.000,0.997,-3.42,0.91,0.97
80.0,-0.001,-0.002,0.991,-3.26,0.96,1.13
100.0,-0.002,0.000,1.000,-2.96,1.16,1.11
120.0,-0.003,-0.000,1.003,-3.29,0.73,0.95
140.0,-0.003,0.000,1.000,-3.37,1.03,1.07
160.0,-0.002,0.003,1.001,-3.31,1.27,1.09
180.0,-0.001,-0.002,1.002,-3.72,1.15,0.94
200.0,-0.002,-0.001,1.007,-3.49,1.02,0.97
220.0,-0.000,-0.000,0.999,-3.46,0.54,0.99
240.0,0.001,-0.001,1.003,-3.47,1.04,1.14
260.0,0.001,0.002,1.000,-3.26,0.78,0.99
280.0,-0.001,-0.000,1.002,-2.98,0.81,0.91
300.0,0.003,-0.002,1.001,-3.23,1.14,0.95
320.0,-0.003,-0.001,1.006,-3.38,0.59,1.03
340.0,-0.001,0.001,1.000,-3.51,1.06,1.14
360.0,-0.002,-0.002,0.999,-3.26,1.08,1.0
380.0,-0.003,-0.001,1.000,-3.39,1.05,0.93
400.0,0.001,-0.000,0.999,-3.47,0.76,0.9
420.0,0.003,0.001,0.999,-3.28,1.01,1.01
440.0,-0.001,-0.001,1.008,-3.17,0.78,1.12
460.0,0.003,-0.000,0.996,-3.2,1.07,1.09
480.0,0.001,-0.001,0.999,-3.22,1.02,0.84
500.0,0.000,-0.001,1.000,-3.05,0.94,0.85
520.0,0.003,0.000,1.000,-3.23,0.81,0.93
540.0,0.003,0.003,1.006,-3.4,1.07,1.05
560.0,-0.004,0.002,1.001,-3.3,0.94,1.08
580.0,-0.001,0.001,1.000,-3.32,1.02,0.98
600.0,0.002,-0.001,1.000,-3.27,0.77,1.01
620.0,0.001,-0.002,1.001,-3.31,0.88,1.07
640.0,-0.003,0.005,0.999,-3.07,1.03,1.04
660.0,-0.002,-0.004,1.004,-3.62,1.0,0.91
680.0,0.000,-0.001,1.000,-3.3,0.97,0.99
700.0,0.003,-0.001,1.001,-3.54,0.77,1.11
720.0,-0.002,0.000,1.007,-3.31,0.94,1.42
740.0,-0.004,0.001,1.000,-3.48,0.91,1.11
760.0,0.001,0.004,0.996,-3.43,0.81,1.01
780.0,-0.001,0.001,1.001,-3.61,0.96,1.11
800.0,0.007,0.000,0.992,-3.73,1.06,1.03
820.0,-0.000,-0.001,1.000,-3.44,1.11,1.13
840.0,0.001,0.000,0.998,-3.22,1.1,1.15
860.0,-0.003,0.004,1.001,-3.36,1.08,1.17
880.0,-0.008,-0.001,1.001,-3.34,0.99,1.01
900.0,-0.002,0.001,1.000,-3.39,1.02,0.78
920.0,0.004,0.005,0.997,-3.46,1.04,0.86
940.0,-0.001,-0.002,0.996,-3.38,0.68,1.11
960.0,0.002,-0.002,0.997,-3.69,1.07,1.1
980.0,-0.005,0.003,0.992,-3.36,0.91,1.07
1000.0,0.001,0.002,0.999,-3.42,0.91,1.07
1020.0,-0.003,-0.003,1.002,-3.22,1.15,1.0
1040.0,0.002,0.003,0.999,-3.42,0.94,1.03
1060.0,-0.001,-0.002,0.999,-3.2,0.97,1.11
1080.0,-0.001,0.002,1.002,-3.22,1.17,1.07
1100.0,-0.000,0.000,1.000,-3.24,0.87,1.28
1120.0,0.003,-0.001,0.999,-3.52,1.07,1.3
1140.0,-0.003,0.001,0.999,-3.62,0.77,1.17
1160.0,0.002,0.003,1.004,-3.45,1.02,1.32
1180.0,-0.002,0.001,1.001,-3.46,1.07,1.07
1200.0,-0.001,0.001,1.001,-3.47,1.03,0.8
1220.0,0.001,-0.003,1.003,-3.09,1.07,1.28
1240.0,-0.000,0.002,0.998,-3.35,1.0,0.93
1260.0,0.001,0.003,1.000,-3.61,0.95,0.93
1280.0,0.001,-0.000,1.002,-3.46,0.86,1.11
1300.0,0.004,0.002,0.994,-3.14,0.63,0.88
1320.0,-0.005,-0.002,0.996,-3.01,0.91,1.28
1340.0,-0.003,0.001,1.003,-3.16,0.89,0.94
1360.0,0.000,-0.001,1.000,-3.2,0.7,1.08
1380.0,0.001,-0.003,0.999,-3.65,0.93,1.07
1400.0,0.000,-0.003,1.005,-3.15,0.83,1.14
1420.0,0.000,-0.000,0.998,-3.46,0.85,1.14
1440.0,-0.001,-0.000,0.998,-3.27,0.98,1.17
1460.0,-0.002,0.002,0.995,-3.61,0.94,1.14
1480.0,-0.003,0.001,0.998,-3.55,0.81,1.35
1500.0,-0.002,0.003,0.999,-3.93,1.05,1.11
1520.0,0.001,0.001,1.006,-3.44,0.97,0.95
1540.0,0.006,0.002,1.005,-3.45,0.86,0.85
1560.0,0.001,-0.002,1.007,-3.23,1.26,1.12
1580.0,-0.007,-0.001,1.004,-3.61,0.89,1.16
1600.0,-0.007,0.001,1.005,-3.03,1.1,0.95
1620.0,-0.004,0.002,1.006,-3.3,0.88,0.99
1640.0,0.006,-0.001,1.003,-3.23,1.1,1.2
1660.0,0.003,-0.002,0.998,-3.41,1.05,1.1
1680.0,-0.000,0.003,1.000,-3.36,0.93,1.0
1700.0,-0.007,-0.000,1.004,-3.38,1.06,0.98
1720.0,-0.004,-0.003,1.000,-3.65,0.88,0.86
1740.0,-0.000,0.001,0.997,-3.36,0.65,1.15
1760.0,0.002,-0.006,1.002,-3.38,0.73,0.95
1780.0,0.001,0.004,1.003,-3.18,0.26,1.23
1800.0,-0.001,0.005,1.004,-3.1,0.62,1.23
1820.0,-0.002,-0.001,0.997,-3.59,0.91,1.27
1840.0,-0.005,-0.001,1.006,-3.25,1.18,0.95
1860.0,0.005,-0.002,1.006,-3.31,1.08,1.19
1880.0,-0.000,0.006,1.004,-3.27,1.2,1.05
1900.0,0.002,0.004,0.996,-3.59,1.05,1.17
1920.0,-0.002,0.001,1.003,-3.47,1.16,1.07
1940.0,-0.007,0.001,1.009,-3.54,1.1,1.0
1960.0,-0.002,0.004,1.000,-3.27,0.97,0.96
1980.0,0.001,0.002,1.003,-3.39,1.0,0.75
2000.0,0.003,-0.004,1.003,-3.3,0.97,1.0
2020.0,-0.000,-0.004,0.997,-3.18,0.7,1.19
2040.0,-0.004,-0.003,1.001,-3.05,0.84,1.09
2060.0,-0.002,0.003,0.999,-3.36,0.79,1.14
2080.0,0.001,-0.002,1.005,-3.57,1.01,1.03
2100.0,0.003,-0.000,1.002,-3.48,1.15,0.78
2120.0,-0.003,-0.003,1.001,-3.22,1.07,0.95
2140.0,0.001,-0.000,1.001,-3.29,1.23,1.01
2160.0,-0.001,0.002,0.993,-3.36,1.18,1.06
2180.0,-0.002,-0.002,0.995,-3.35,0.62,1.22
2200.0,0.004,-0.002,0.998,-3.49,0.83,1.1
2220.0,0.000,-0.003,0.998,-3.52,1.05,1.01
2240.0,-0.003,0.001,0.996,-3.14,0.97,1.17
2260.0,-0.003,-0.002,1.008,-3.33,0.92,1.07
2280.0,-0.001,-0.003,0.993,-3.21,0.89,1.27
2300.0,0.001,-0.003,0.999,-2.95,0.86,0.87
2320.0,-0.003,0.001,1.001,-3.29,0.71,0.98
2340.0,-0.004,-0.000,1.002,-3.38,0.72,0.93
2360.0,-0.003,-0.003,0.996,-3.46,0.63,0.91
2380.0,-0.003,-0.003,0.993,-3.39,0.88,0.85
2400.0,0.001,0.003,0.999,-3.25,0.79,1.21
2420.0,-0.004,0.000,0.998,-3.54,0.78,1.19
2440.0,-0.004,0.001,1.004,-3.08,0.84,0.93
2460.0,0.002,0.000,1.003,-3.55,0.68,1.11
2480.0,-0.000,-0.001,1.006,-3.46,0.81,1.07
2500.0,-0.001,0.002,1.001,-3.23,0.83,1.1
2520.0,-0.000,0.000,1.005,-2.93,0.88,0.81
2540.0,0.003,-0.003,1.000,-3.32,0.72,1.33
2560.0,0.000,-0.002,1.001,-3.46,1.16,1.01
2580.0,0.003,-0.002,0.997,-3.28,1.21,1.13
2600.0,0.000,0.002,0.995,-3.22,1.17,1.13
2620.0,-0.001,-0.000,1.001,-3.65,0.89,1.06
2640.0,0.001,0.002,1.006,-3.06,1.23,0.96
2660.0,0.003,0.001,1.001,-3.28,0.93,1.3
2680.0,-0.001,0.002,1.002,-3.39,0.67,0.99
2700.0,0.001,-0.000,1.003,-3.56,0.77,1.06
2720.0,0.001,-0.006,0.996,-3.17,0.81,0.79
2740.0,-0.003,-0.003,1.001,-3.43,1.1,1.14
2760.0,-0.004,-0.000,0.996,-3.5,0.91,0.88
2780.0,0.004,-0.000,0.995,-3.14,0.87,0.96
2800.0,-0.003,0.000,1.006,-3.31,0.96,1.04
2820.0,-0.002,-0.000,0.999,-3.35,1.2,0.95
2840.0,-0.001,0.002,0.999,-3.43,0.73,0.87
2860.0,0.002,0.000,0.998,-3.29,0.88,1.19
2880.0,0.001,-0.001,0.999,-3.39,0.69,1.25
2900.0,0.003,0.002,1.000,-3.33,0.87,1.09
2920.0,-0.001,-0.000,1.003,-3.46,1.01,1.07
2940.0,-0.002,0.002,0.998,-3.17,1.1,0.93
2960.0,-0.002,-0.001,1.001,-3.51,1.07,0.96
2980.0,0.002,-0.001,0.999,-3.32,1.22,1.18
3000.0,0.001,0.001,0.998,-3.25,0.78,1.06
3020.0,0.001,-0.001,0.998,-3.7,1.07,0.99
3040.0,-0.005,0.001,0.999,-3.1,0.78,0.91
3060.0,-0.004,-0.005,1.003,-3.31,0.75,1.17
3080.0,0.004,-0.001,1.006,-3.38,1.01,0.83
3100.0,0.002,0.000,1.002,-3.04,0.75,0.92
3120.0,0.003,0.003,1.005,-3.37,0.73,0.98
3140.0,-0.007,0.003,1.001,-3.43,0.71,1.04
3160.0,-0.004,0.001,1.000,-3.45,0.81,0.92
3180.0,0.003,0.002,1.006,-3.3,0.72,0.88
3200.0,0.000,-0.005,1.002,-3.36,0.81,0.97
3220.0,-0.002,0.003,0.996,-3.08,0.99,0.88
3240.0,-0.002,0.002,0.997,-3.37,0.78,1.04
3260.0,-0.003,-0.005,1.002,-3.12,1.06,1.0
3280.0,-0.001,-0.001,1.003,-3.27,0.91,1.2
3300.0,-0.001,0.002,1.007,-3.01,0.94,1.07
3320.0,0.002,0.005,1.001,-3.08,1.22,1.02
3340.0,-0.003,0.002,0.993,-3.57,1.1,1.04
3360.0,-0.004,-0.000,0.996,-3.2,0.77,1.17
3380.0,-0.000,-0.007,1.001,-3.46,1.05,1.0
3400.0,-0.001,0.002,0.994,-3.55,1.14,1.15
3420.0,-0.005,-0.001,0.994,-3.39,1.14,1.17
3440.0,0.003,0.001,1.001,-3.39,0.68,1.01
3460.0,0.000,-0.008,0.999,-3.11,0.55,1.1
3480.0,0.003,0.000,1.003,-3.12,0.81,1.02
3500.0,-0.005,0.002,0.998,-3.39,0.99,1.03
3520.0,-0.001,0.004,1.001,-3.43,0.91,0.93
3540.0,0.001,0.003,0.997,-3.41,1.27,1.14
3560.0,0.007,-0.005,0.998,-3.24,1.02,1.0
3580.0,0.001,-0.003,0.996,-3.04,0.99,1.02
3600.0,-0.008,0.003,1.001,-3.36,0.85,1.11
3620.0,-0.002,0.003,1.004,-3.45,0.75,1.13
3640.0,0.000,-0.003,1.002,-3.23,0.62,1.08
3660.0,-0.001,-0.002,0.999,-3.44,0.59,0.94
3680.0,0.002,-0.000,1.007,-3.44,0.88,1.13
3700.0,0.002,0.002,1.004,-3.09,1.16,0.99
3720.0,-0.002,-0.002,1.000,-3.22,1.06,1.04
3740.0,-0.002,0.001,1.005,-3.26,0.68,1.14
3760.0,0.001,-0.000,0.993,-3.46,1.04,1.04
3780.0,-0.001,0.002,0.994,-3.47,0.98,0.9
3800.0,0.003,-0.004,1.002,-3.57,1.26,1.16
3820.0,0.003,-0.002,0.998,-3.48,0.88,1.11
3840.0,0.000,0.002,1.005,-3.15,1.0,0.95
3860.0,-0.004,0.002,1.006,-3.46,0.86,0.83
3880.0,-0.006,-0.004,0.996,-3.66,1.12,1.17
3900.0,0.001,0.000,0.997,-3.36,0.69,1.0
3920.0,-0.004,-0.002,0.998,-3.38,0.94,0.95
3940.0,0.002,-0.002,0.998,-3.2,0.82,1.11
3960.0,-0.001,-0.002,1.000,-3.08,1.01,0.98
3980.0,-0.001,0.003,0.996,-3.49,0.92,0.88
4000.0,-0.005,-0.001,1.001,-2.94,0.88,0.69
4020.0,0.002,0.002,0.997,-3.46,0.98,0.74
4040.0,-0.005,0.000,0.991,-3.2,0.89,0.98
4060.0,-0.001,0.001,0.997,-3.16,0.88,0.85
4080.0,-0.005,0.004,1.002,-3.24,0.88,0.99
4100.0,-0.002,0.003,1.000,-3.45,0.97,0.88
4120.0,-0.000,-0.005,1.002,-3.46,0.85,1.08
4140.0,-0.001,-0.001,1.000,-3.36,0.85,1.12
4160.0,-0.001,0.004,0.999,-3.33,0.8,1.08
4180.0,-0.002,0.004,1.002,-3.08,0.96,1.11
4200.0,0.000,-0.001,1.001,-3.45,1.04,1.02
4220.0,-0.001,-0.001,0.999,-3.19,0.74,1.17
4240.0,0.004,0.004,1.001,-3.61,0.82,1.04
4260.0,-0.000,0.004,1.006,-3.29,0.69,1.14
4280.0,0.001,-0.005,0.998,-3.26,0.64,0.91
4300.0,-0.001,0.002,0.999,-3.38,0.84,0.85
4320.0,0.001,0.004,1.005,-3.34,0.84,0.94
4340.0,-0.000,0.000,0.997,-3.43,1.1,0.81
4360.0,0.003,-0.001,1.006,-3.27,0.91,0.75
4380.0,-0.004,-0.005,1.000,-3.12,0.76,0.98
4400.0,-0.001,0.001,1.004,-3.51,1.01,1.02
4420.0,-0.001,-0.002,1.002,-3.31,0.99,1.12
4440.0,0.004,-0.002,1.002,-3.33,0.94,1.07
4460.0,-0.002,-0.003,1.001,-3.5,1.2,1.07
4480.0,-0.001,0.002,0.995,-3.4,0.78,1.17
4500.0,-0.001,0.002,1.000,-3.23,1.16,0.82
4520.0,-0.002,-0.001,0.998,-3.28,0.73,0.82
4540.0,-0.001,0.001,0.996,-3.18,0.93,1.11
4560.0,0.003,0.001,0.998,-3.2,1.09,0.93
4580.0,0.003,-0.001,1.000,-3.33,0.86,1.03
4600.0,-0.005,0.001,1.003,-3.26,0.85,1.17
4620.0,-0.005,-0.000,0.993,-3.3,0.9,1.27
4640.0,-0.003,-0.001,0.998,-3.47,0.56,0.93
4660.0,0.001,-0.000,1.004,-3.2,1.08,0.85
4680.0,0.003,-0.004,0.997,-3.65,0.97,0.9
4700.0,0.001,0.004,0.999,-3.52,0.97,1.11
4720.0,-0.002,-0.002,0.996,-3.36,0.98,1.33
4740.0,-0.005,-0.003,0.993,-3.27,0.88,1.16
4760.0,0.004,0.007,1.002,-3.49,1.17,1.18
4780.0,-0.006,-0.005,1.012,-3.3,0.84,0.88
4800.0,-0.001,-0.001,1.005,-3.3,1.01,1.1
4820.0,-0.004,-0.001,0.990,-3.43,0.86,0.75
4840.0,0.000,-0.006,0.994,-2.93,0.81,1.07
4860.0,-0.001,0.002,0.996,-3.17,0.82,1.19
4880.0,-0.000,-0.003,1.000,-3.33,1.04,0.98
4900.0,0.002,0.001,1.003,-3.59,1.06,1.21
4920.0,0.003,0.005,0.996,-3.2,0.91,1.04
4940.0,-0.002,-0.001,0.996,-3.43,0.81,1.04
4960.0,-0.005,0.001,1.002,-3.32,0.74,1.03
4980.0,-0.005,-0.003,1.000,-3.21,0.81,0.67
5000.0,0.001,-0.000,0.997,-3.18,0.88,1.07
5020.0,0.000,0.008,1.004,-3.62,1.06,0.95
5040.0,0.003,0.002,1.001,-3.27,0.67,1.11
5060.0,0.001,-0.007,0.997,-3.35,0.71,0.93
5080.0,-0.000,-0.006,0.999,-3.48,1.0,1.17
5100.0,0.000,-0.002,0.998,-3.75,0.82,0.88
5120.0,0.001,0.003,1.000,-3.36,0.84,0.99
5140.0,-0.002,0.001,0.995,-3.6,1.06,0.88
5160.0,0.002,0.001,1.001,-3.46,1.12,0.94
5180.0,0.002,0.001,0.997,-3.33,1.04,1.18
5200.0,0.001,0.001,0.998,-3.68,1.07,0.98
5220.0,-0.003,0.001,0.997,-3.47,0.91,0.69
5240.0,0.002,0.000,1.003,-3.36,0.77,0.97
5260.0,0.003,-0.002,0.996,-3.4,0.96,0.93
5280.0,0.002,-0.002,1.000,-3.65,1.14,0.95
5300.0,-0.000,0.003,1.001,-3.41,0.97,0.79
5320.0,-0.002,0.006,1.003,-3.27,0.96,1.12
5340.0,-0.002,-0.003,1.000,-3.44,1.17,1.17
5360.0,0.006,-0.006,0.999,-3.48,1.13,1.24
5380.0,-0.001,-0.003,0.998,-3.27,1.22,1.04
5400.0,-0.000,0.000,0.998,-3.2,0.95,1.2
5420.0,0.002,0.001,1.002,-3.31,0.87,1.13
5440.0,0.000,-0.000,1.010,-3.32,0.92,1.07
5460.0,0.004,0.003,1.000,-3.3,1.37,0.95
5480.0,0.001,0.003,1.000,-3.61,0.68,1.14
5500.0,0.001,0.002,0.999,-3.47,1.04,1.11
5520.0,0.001,-0.000,1.002,-3.15,0.67,1.04
5540.0,0.003,-0.006,1.003,-3.39,1.09,0.98
5560.0,0.004,0.005,1.003,-3.27,1.04,1.07
5580.0,-0.001,0.002,1.004,-3.26,1.07,1.03
5600.0,0.001,-0.002,0.999,-3.1,1.04,1.14
5620.0,-0.003,-0.005,1.005,-3.37,1.27,1.02
5640.0,-0.003,0.002,0.992,-3.49,1.15,0.87
5660.0,0.000,0.004,1.000,-3.21,0.72,1.07
5680.0,-0.002,-0.000,1.004,-3.54,1.01,1.24
5700.0,0.002,0.000,1.005,-3.38,0.94,1.01
5720.0,0.005,-0.004,0.998,-3.3,1.01,0.95
5740.0,0.002,-0.003,0.997,-3.2,1.05,0.99
5760.0,-0.004,-0.001,1.005,-3.31,0.78,1.01
5780.0,-0.003,0.002,1.002,-3.43,0.85,0.95
5800.0,-0.001,-0.002,1.006,-3.14,0.77,0.86
5820.0,0.002,-0.005,0.998,-3.5,0.78,0.95
5840.0,-0.004,-0.001,0.999,-3.24,0.72,0.85
5860.0,-0.005,0.003,0.998,-3.23,0.87,0.95
5880.0,-0.003,0.007,1.001,-3.4,0.92,1.24
5900.0,0.003,0.000,1.003,-3.19,0.78,1.18
5920.0,0.002,-0.001,1.001,-3.65,0.75,0.83
5940.0,0.004,0.000,0.998,-3.19,0.73,0.96
5960.0,-0.004,0.000,1.001,-3.62,0.85,1.02
5980.0,0.002,-0.005,1.002,-3.56,0.74,0.99
6000.0,-0.006,0.001,0.998,-3.27,0.78,1.14
6020.0,-0.002,0.003,1.000,-3.62,0.96,0.88
6040.0,-0.003,-0.003,0.998,-3.34,1.05,1.04
6060.0,-0.000,0.004,1.002,-3.31,0.85,0.91
6080.0,-0.001,0.001,0.996,-3.23,0.72,0.88
6100.0,-0.001,0.002,1.001,-3.54,0.81,0.99
6120.0,-0.004,-0.002,0.998,-3.36,0.89,1.11
6140.0,-0.001,-0.002,1.002,-3.44,0.83,1.09
6160.0,0.002,-0.004,0.997,-3.04,0.81,1.1
6180.0,0.003,-0.007,0.999,-3.23,1.21,1.14
6200.0,-0.002,0.000,1.006,-3.14,0.78,1.07
6220.0,-0.003,0.001,0.995,-3.44,1.18,0.91
6240.0,0.001,0.002,1.002,-3.37,0.81,0.88
6260.0,0.002,-0.000,1.000,-3.45,0.78,1.09
6280.0,0.004,-0.004,1.000,-3.23,0.62,1.2
6300.0,0.000,-0.002,1.003,-3.44,0.88,0.89
6320.0,-0.002,0.001,1.000,-3.08,0.66,0.9
6340.0,-0.003,0.005,1.005,-3.36,0.72,0.96
6360.0,-0.000,-0.000,1.005,-3.14,0.91,1.2
6380.0,-0.004,0.005,0.993,-3.19,1.01,1.09
6400.0,0.007,0.002,0.992,-3.32,1.01,1.31
6420.0,-0.003,0.001,0.998,-3.31,0.59,1.08
6440.0,-0.006,-0.000,1.006,-3.28,0.86,0.95
6460.0,-0.001,0.003,1.006,-3.52,1.07,0.83
6480.0,-0.003,0.002,1.001,-3.57,0.88,0.92
6500.0,-0.004,0.003,0.996,-3.71,1.14,1.1
6520.0,0.001,-0.002,1.004,-3.14,1.33,0.88
6540.0,0.002,0.002,1.003,-3.7,0.9,0.85
6560.0,-0.001,-0.001,1.000,-3.33,0.62,1.02
6580.0,0.005,-0.005,0.997,-3.22,0.89,1.14
6600.0,0.002,0.001,1.000,-3.28,0.97,1.05
6620.0,-0.003,0.009,1.006,-3.27,1.2,1.1
6640.0,0.000,-0.002,1.007,-3.4,1.1,0.85
6660.0,-0.004,-0.001,1.000,-3.4,1.01,1.36
6680.0,-0.003,-0.003,1.003,-3.15,0.83,0.8
6700.0,0.000,0.001,1.009,-3.23,1.12,0.81
6720.0,0.001,0.001,1.002,-3.43,0.78,1.01
6740.0,-0.002,0.001,0.998,-3.23,1.25,0.85
6760.0,-0.002,-0.002,0.992,-3.35,1.23,0.8
6780.0,-0.008,0.003,0.997,-3.2,0.9,1.01
6800.0,-0.003,-0.001,0.999,-3.52,0.99,0.91
6820.0,-0.001,-0.006,1.000,-3.26,0.64,1.15
6840.0,0.002,-0.002,1.007,-3.33,0.83,1.08
6860.0,0.010,0.002,0.995,-3.42,1.47,1.1
6880.0,-0.002,0.000,1.003,-3.44,1.07,0.97
6900.0,-0.004,0.003,1.004,-3.3,0.98,1.12
6920.0,-0.002,0.004,0.997,-3.18,0.68,0.82
6940.0,-0.000,0.001,0.999,-2.93,0.93,1.11
6960.0,-0.008,0.008,1.007,-3.32,0.87,0.88
6980.0,-0.007,0.002,0.995,-3.67,0.59,1.05
7000.0,0.002,-0.002,1.005,-3.46,0.49,1.11
7020.0,0.003,-0.007,0.999,-3.52,0.62,1.05
7040.0,0.005,0.001,1.004,-3.45,1.14,1.11
7060.0,-0.003,0.014,1.007,-3.36,1.17,0.89
7080.0,-0.003,-0.008,1.000,-3.48,1.05,0.95
7100.0,-0.001,-0.008,0.997,-3.36,0.92,0.99
7120.0,-0.000,0.001,1.002,-3.14,1.18,0.83
7140.0,-0.001,0.007,0.998,-3.5,0.75,0.9
7160.0,-0.003,0.006,1.007,-3.36,0.71,0.99
7180.0,-0.011,-0.004,1.006,-3.57,0.59,1.04
7200.0,-0.003,-0.004,0.996,-3.07,0.94,0.98
7220.0,0.002,0.002,1.001,-3.06,1.21,1.13
7240.0,0.003,0.005,1.005,-3.41,1.04,1.07
7260.0,0.009,0.002,1.005,-3.52,0.76,0.99
7280.0,0.002,-0.001,1.003,-3.3,0.87,1.02
7300.0,-0.008,-0.002,0.999,-3.32,0.88,1.01
7320.0,-0.006,0.007,1.001,-3.24,0.67,1.12
7340.0,-0.004,0.004,1.001,-3.49,0.82,0.95
7360.0,0.008,-0.004,1.003,-3.4,0.9,0.82
7380.0,0.006,-0.005,1.004,-3.33,1.05,1.05
7400.0,0.002,-0.001,1.009,-3.09,1.14,0.86
7420.0,-0.001,-0.002,1.003,-3.27,0.97,1.13
7440.0,-0.004,0.000,1.000,-3.26,0.95,0.88
7460.0,-0.003,0.004,0.993,-3.26,0.6,1.27
7480.0,0.000,0.001,0.998,-3.26,1.01,1.08
7500.0,0.003,0.001,1.004,-3.37,0.88,0.93
7520.0,0.000,0.005,1.000,-3.83,1.07,0.9
7540.0,0.002,0.000,0.997,-3.34,1.03,0.97
7560.0,0.001,-0.004,1.006,-3.52,0.63,1.16
7580.0,0.001,-0.007,0.996,-3.12,0.59,0.94
7600.0,-0.001,0.000,1.002,-3.17,1.12,1.05
7620.0,-0.003,0.002,1.002,-3.18,0.9,0.96
7640.0,-0.006,0.003,0.998,-3.17,0.91,0.97
7660.0,-0.002,0.007,0.996,-3.36,0.58,1.04
7680.0,-0.002,0.002,0.999,-3.39,1.07,1.25
7700.0,-0.000,0.003,1.001,-3.32,0.75,0.75
7720.0,-0.001,0.000,1.001,-3.53,0.55,1.01
7740.0,-0.002,-0.001,1.003,-3.4,0.79,0.85
7760.0,-0.005,0.003,0.998,-3.1,0.94,0.95
7780.0,-0.002,0.003,0.997,-3.3,1.31,1.2
7800.0,-0.001,-0.001,1.002,-3.42,0.94,1.21
7820.0,0.003,-0.000,1.001,-3.28,0.85,1.12
7840.0,-0.008,0.006,1.003,-3.25,0.8,0.8
7860.0,0.003,-0.001,1.000,-3.43,1.06,0.99
7880.0,-0.003,0.002,0.996,-3.48,0.88,1.08
7900.0,-0.002,0.002,1.002,-3.39,0.91,0.88
7920.0,-0.006,0.004,1.002,-3.09,0.64,1.04
7940.0,0.003,0.002,1.001,-3.33,0.88,1.03
7960.0,0.001,-0.003,0.996,-3.47,0.86,1.01
7980.0,0.003,-0.004,0.995,-3.27,1.17,1.14
8000.0,0.004,0.001,0.996,-3.3,0.76,0.94
8020.0,-0.001,0.003,0.999,-3.3,0.6,1.19
8040.0,-0.001,-0.001,1.005,-3.11,0.92,1.15
8060.0,0.001,-0.003,1.005,-3.07,0.88,1.23
8080.0,-0.004,-0.005,0.999,-3.2,1.01,0.98
8100.0,0.001,-0.005,1.001,-3.3,1.07,0.95
8120.0,0.004,0.004,1.003,-3.27,1.1,1.18
8140.0,0.002,-0.007,0.998,-3.37,0.72,0.89
8160.0,-0.001,-0.005,1.005,-3.49,1.41,1.24
8180.0,-0.002,0.010,1.004,-3.26,0.79,0.98
8200.0,0.000,0.001,0.993,-3.45,0.77,1.07
8220.0,-0.005,0.002,1.000,-3.33,0.94,1.03
8240.0,-0.002,-0.007,0.998,-3.5,0.72,1.05
8260.0,-0.002,0.003,0.999,-3.3,0.9,0.95
8280.0,0.007,0.003,0.994,-3.52,0.91,1.34
8300.0,0.003,-0.002,0.993,-3.2,0.69,1.02
8320.0,0.003,-0.003,0.995,-3.3,0.95,1.26
8340.0,-0.005,0.002,1.003,-3.28,1.05,1.01
8360.0,-0.007,0.006,1.002,-3.49,0.85,1.07
8380.0,-0.004,0.003,1.007,-3.39,1.0,1.04
8400.0,-0.002,-0.001,1.005,-3.38,0.99,1.13
8420.0,0.001,-0.003,0.993,-3.7,1.01,0.88
8440.0,0.003,0.003,1.001,-3.49,1.17,1.13
8460.0,-0.009,0.003,0.999,-3.58,0.87,1.37
8480.0,-0.005,-0.001,1.001,-3.45,0.76,1.04
8500.0,-0.006,-0.004,1.006,-3.7,0.92,1.0
8520.0,0.002,0.001,1.002,-3.39,0.73,0.95
8540.0,0.005,0.006,0.988,-3.28,1.17,1.1
8560.0,-0.001,-0.001,0.996,-3.2,0.9,0.95
8580.0,0.001,-0.001,1.001,-3.3,0.77,1.01
8600.0,-0.003,0.003,0.998,-3.37,0.95,0.98
8620.0,0.002,0.001,1.001,-3.59,0.69,0.94
8640.0,0.002,0.000,1.002,-3.36,1.07,1.09
8660.0,-0.001,0.002,1.001,-3.36,1.0,1.35
8680.0,0.000,0.001,1.007,-3.07,1.1,0.77
8700.0,-0.000,-0.003,0.994,-3.52,1.01,1.03
8720.0,0.001,-0.003,1.005,-3.39,0.65,1.03
8740.0,-0.000,-0.001,1.000,-3.53,0.96,1.08
8760.0,0.002,-0.002,1.003,-3.14,0.81,1.14
8780.0,-0.004,-0.001,1.001,-3.16,0.96,0.95
8800.0,-0.006,0.001,0.997,-3.34,0.79,1.04
8820.0,-0.006,0.005,0.999,-3.13,1.04,0.92
8840.0,-0.002,-0.002,1.001,-3.39,1.15,0.92
8860.0,-0.001,-0.003,1.006,-3.24,1.08,1.17
8880.0,-0.001,0.002,1.002,-3.39,0.64,0.75
8900.0,-0.001,-0.002,1.000,-3.48,0.88,1.04
8920.0,-0.004,-0.000,0.999,-3.01,0.85,0.91
8940.0,-0.000,-0.001,0.997,-3.38,0.88,1.07
8960.0,-0.001,-0.002,1.000,-3.28,1.01,1.07
8980.0,-0.001,-0.001,0.999,-3.2,0.73,1.2
9000.0,0.003,-0.001,1.003,-3.67,0.88,0.88
9020.0,-0.001,-0.003,0.996,-3.26,0.88,0.85
9040.0,-0.004,-0.001,1.000,-3.46,1.07,1.0
9060.0,0.004,-0.000,1.003,-3.3,0.7,1.27
9080.0,0.003,0.003,0.999,-3.19,0.73,1.08
9100.0,0.004,-0.002,1.001,-3.19,1.04,1.24
9120.0,-0.004,-0.002,0.997,-3.6,0.85,1.22
9140.0,0.002,0.002,1.001,-3.24,1.1,1.15
9160.0,0.002,0.002,1.005,-3.3,1.26,1.01
9180.0,-0.000,-0.001,1.000,-3.78,0.81,1.09
9200.0,-0.004,0.000,1.004,-3.36,0.99,1.19
9220.0,0.000,-0.001,0.996,-3.29,1.06,1.12
9240.0,0.003,-0.002,0.999,-3.41,1.15,1.09
9260.0,-0.003,0.002,1.004,-3.2,0.77,1.02
9280.0,0.005,-0.002,1.002,-3.48,0.97,0.99
9300.0,-0.000,-0.002,1.006,-3.53,1.06,1.0
9320.0,0.003,-0.002,1.004,-3.4,0.59,0.88
9340.0,0.000,0.002,1.002,-3.46,0.97,1.04
9360.0,0.002,0.000,1.003,-3.41,1.09,1.04
9380.0,0.003,0.002,1.000,-3.4,1.36,1.04
9400.0,-0.001,-0.000,1.005,-3.54,1.07,1.08
9420.0,-0.001,-0.001,1.004,-3.3,0.89,0.85
9440.0,-0.000,-0.000,0.998,-3.33,0.92,0.94
9460.0,-0.006,-0.002,0.996,-3.52,1.01,0.96
9480.0,0.001,0.002,0.998,-3.43,0.99,1.17
9500.0,-0.002,-0.001,1.004,-3.08,0.87,0.91
9520.0,-0.000,0.001,1.002,-3.26,0.63,0.91
9540.0,0.001,-0.001,1.003,-3.56,0.89,1.19
9560.0,0.001,-0.001,0.998,-3.36,0.84,0.91
9580.0,-0.003,-0.001,1.000,-3.45,1.07,0.95
9600.0,-0.003,-0.002,0.997,-3.2,0.87,0.7
9620.0,-0.002,-0.000,1.001,-3.44,0.79,0.69
9640.0,-0.002,0.003,0.998,-3.33,0.85,1.01
9660.0,-0.000,-0.003,1.000,-3.46,1.14,1.11
9680.0,-0.002,0.003,0.997,-3.43,0.97,1.11
9700.0,-0.003,0.001,1.003,-3.53,1.2,1.11
9720.0,0.001,-0.001,0.999,-3.17,1.01,1.27
9740.0,-0.003,0.001,0.998,-3.2,0.95,1.17
9760.0,0.000,-0.001,1.002,-3.29,0.9,1.2
9780.0,0.003,-0.003,1.001,-3.36,0.82,0.86
9800.0,0.002,-0.001,0.994,-3.41,0.82,1.11
9820.0,-0.001,-0.003,0.999,-3.39,0.53,0.91
9840.0,-0.004,0.002,1.001,-3.4,0.78,0.87
9860.0,0.002,-0.003,0.996,-3.33,1.01,1.0
9880.0,0.000,-0.000,1.003,-3.4,0.96,1.14
9900.0,0.000,0.001,0.999,-3.49,1.29,1.21
9920.0,-0.002,-0.001,0.998,-3.21,0.81,1.01
9940.0,-0.000,-0.002,0.994,-3.65,0.78,1.15
9960.0,-0.002,0.003,0.999,-3.42,0.99,1.04
9980.0,-0.004,0.002,1.001,-3.25,1.03,0.92
10000.0,0.003,-0.000,1.000,-3.55,1.0,0.98
10020.0,0.003,0.000,1.002,-3.68,1.1,0.86
10040.0,0.000,-0.003,1.001,-3.22,0.97,0.98
10060.0,0.002,-0.002,0.998,-3.43,1.23,1.04
10080.0,0.001,0.002,1.001,-3.23,0.7,1.17
10100.0,-0.002,0.000,0.998,-3.16,0.78,1.07
10120.0,-0.002,-0.001,0.998,-3.17,0.81,1.2
10140.0,-0.003,0.001,0.995,-3.29,0.81,1.03
10160.0,0.002,-0.001,0.998,-3.39,1.17,1.02
10180.0,-0.003,-0.002,1.002,-3.49,1.09,1.04
10200.0,-0.002,0.004,1.002,-3.39,0.94,1.09
10220.0,-0.003,0.001,1.000,-3.18,1.07,0.93
10240.0,0.001,0.005,1.006,-3.18,0.78,0.91
10260.0,-0.001,0.000,1.002,-3.44,0.84,0.85
10280.0,0.001,-0.004,1.000,-3.24,0.75,0.97
10300.0,0.001,0.001,1.000,-3.35,0.96,0.95
10320.0,-0.000,-0.001,1.000,-3.4,0.88,0.72
10340.0,0.001,0.005,1.004,-3.26,0.88,1.17
10360.0,0.003,0.001,1.007,-3.2,0.83,1.1
10380.0,-0.001,-0.000,0.997,-3.48,0.84,1.16
10400.0,0.004,-0.001,1.000,-3.2,0.94,0.99
10420.0,-0.004,-0.000,1.003,-3.25,0.95,1.01
10440.0,-0.002,-0.004,1.003,-3.62,0.73,1.24
10460.0,0.003,0.002,1.006,-3.09,0.7,0.91
10480.0,0.001,0.002,0.999,-3.27,0.78,1.41
10500.0,0.003,0.007,1.002,-3.5,1.01,0.69
10520.0,-0.003,0.002,1.002,-3.58,1.13,1.06
10540.0,-0.000,-0.001,0.999,-3.29,1.14,1.17
10560.0,0.002,-0.001,1.000,-3.41,1.23,1.12
10580.0,-0.002,-0.000,0.996,-3.33,0.81,0.83
10600.0,-0.003,0.003,0.996,-3.34,0.85,1.07
10620.0,0.002,-0.004,0.999,-3.29,1.09,1.04
10640.0,0.001,0.001,0.998,-3.3,0.88,1.23
10660.0,-0.001,-0.000,1.003,-3.44,1.1,1.14
10680.0,-0.005,-0.003,1.001,-3.58,0.74,1.07
10700.0,-0.001,0.003,0.996,-3.33,0.95,1.2
10720.0,-0.000,0.002,1.000,-3.27,0.94,0.99
10740.0,-0.003,0.001,0.999,-3.36,1.14,1.09
10760.0,0.002,-0.008,0.994,-3.2,1.0,1.1
10780.0,-0.003,-0.000,1.000,-3.47,1.17,1.01
10800.0,-0.001,-0.000,1.001,-3.33,0.81,1.04
10820.0,0.000,-0.003,1.004,-3.2,0.62,1.12
10840.0,-0.000,0.002,0.997,-3.44,1.2,0.85
10860.0,0.001,-0.005,0.995,-3.36,0.91,1.2
10880.0,-0.002,-0.002,1.001,-3.34,1.04,0.95
10900.0,-0.003,0.002,1.006,-3.46,1.0,0.85
10920.0,0.000,-0.002,0.997,-3.34,0.91,0.99
10940.0,-0.004,-0.001,1.007,-3.36,1.14,1.34
10960.0,0.003,0.003,0.999,-3.4,0.76,0.98
10980.0,-0.001,-0.002,1.000,-3.29,0.94,1.12
11000.0,0.000,-0.002,0.998,-3.68,0.88,0.98
11020.0,-0.001,0.004,1.000,-3.52,1.07,1.11
11040.0,-0.002,0.002,1.005,-3.39,0.71,1.12
11060.0,-0.002,-0.002,1.004,-3.13,1.03,0.82
11080.0,-0.002,-0.004,1.001,-3.42,1.0,1.1
11100.0,-0.001,-0.003,0.995,-3.6,0.94,1.11
11120.0,-0.001,0.002,1.001,-3.37,0.98,1.19
11140.0,-0.001,0.000,1.004,-3.34,0.95,0.97
11160.0,-0.003,-0.001,1.003,-3.43,0.91,1.17
11180.0,-0.006,0.004,0.997,-3.4,0.69,0.85
11200.0,0.003,0.000,1.003,-3.39,0.89,1.06
11220.0,0.000,-0.000,1.002,-3.29,0.92,1.04
11240.0,-0.002,-0.001,0.999,-3.43,1.24,1.07
11260.0,0.001,-0.004,0.998,-3.13,0.9,0.98
11280.0,-0.005,0.002,1.004,-3.2,1.09,1.03
11300.0,-0.002,-0.000,1.000,-3.38,0.94,1.14
11320.0,-0.001,0.001,1.002,-3.39,0.61,0.9
11340.0,-0.005,0.000,1.003,-3.19,0.71,1.29
11360.0,-0.002,0.003,1.003,-3.32,0.78,1.06
11380.0,0.003,-0.000,1.002,-3.11,0.98,1.14
11400.0,-0.001,0.001,1.000,-3.39,0.87,0.98
11420.0,-0.001,-0.002,0.998,-3.56,0.97,0.93
11440.0,-0.002,-0.001,1.003,-3.2,0.93,1.09
11460.0,-0.004,0.000,1.004,-3.46,1.05,0.98
11480.0,0.001,0.000,0.998,-3.14,0.99,1.04
11500.0,-0.001,0.002,1.000,-3.41,1.11,1.08
11520.0,-0.001,-0.002,1.002,-3.1,1.25,1.17
11540.0,0.001,0.001,0.998,-3.11,1.0,0.92
11560.0,-0.002,-0.000,1.000,-3.33,0.94,1.09
11580.0,-0.001,0.002,1.001,-3.32,0.89,0.91
11600.0,0.002,-0.005,1.002,-3.1,0.82,1.23
11620.0,-0.000,-0.004,0.996,-3.36,0.98,1.01
11640.0,-0.004,-0.001,1.008,-3.31,0.89,0.94
11660.0,-0.001,-0.000,1.004,-3.23,0.73,1.3
11680.0,-0.002,-0.004,1.002,-3.76,0.99,1.24
11700.0,-0.001,-0.001,1.003,-3.24,0.91,0.92
11720.0,0.000,0.002,0.996,-3.26,0.85,1.23
11740.0,0.002,-0.003,1.000,-2.75,1.07,0.88
11760.0,-0.001,0.004,1.002,-3.21,0.94,1.12
11780.0,-0.005,-0.003,0.998,-3.4,1.05,0.85
11800.0,-0.002,0.000,1.006,-3.46,0.98,0.77
11820.0,0.003,-0.000,1.003,-3.57,0.99,1.01
11840.0,-0.002,-0.000,1.003,-3.4,0.78,0.98
11860.0,0.002,0.000,0.999,-3.3,1.02,1.2
11880.0,-0.003,0.002,1.004,-3.49,0.81,1.05
11900.0,-0.003,0.003,1.002,-3.41,1.06,0.95
11920.0,-0.002,-0.001,1.000,-3.52,1.0,0.95
11940.0,-0.001,-0.000,0.992,-3.0,0.85,1.01
11960.0,-0.006,-0.002,0.996,-3.32,1.06,0.97
11980.0,0.001,-0.001,0.999,-3.46,1.07,1.18
12000.0,-0.001,0.002,1.000,-3.4,0.81,1.08
12020.0,-0.005,-0.002,1.000,-3.35,1.01,1.14
12040.0,-0.001,0.000,1.002,-3.43,0.88,0.72
12060.0,0.002,0.007,0.999,-3.38,0.83,0.79
12080.0,0.000,0.000,1.002,-3.58,0.94,1.24
12100.0,-0.001,-0.007,0.999,-3.34,1.01,0.98
12120.0,0.000,-0.000,0.994,-3.1,0.91,0.85
12140.0,0.000,0.006,1.000,-3.14,1.04,1.11
12160.0,0.003,-0.002,1.002,-3.27,1.0,0.95
12180.0,-0.004,-0.003,1.009,-3.32,0.77,1.11
12200.0,-0.006,-0.001,1.003,-3.33,0.99,0.78
12220.0,-0.006,0.005,1.001,-3.37,1.2,0.95
12240.0,-0.001,0.003,1.001,-3.44,1.07,0.98
12260.0,0.001,-0.002,1.000,-3.24,0.76,1.13
12280.0,0.002,-0.005,1.004,-3.3,0.94,0.86
12300.0,-0.000,0.002,0.996,-3.28,1.03,0.89
12320.0,0.001,0.011,1.001,-3.48,1.17,1.26
12340.0,-0.001,-0.001,0.999,-3.4,1.08,1.11
12360.0,-0.000,-0.004,0.999,-3.68,1.0,0.78
12380.0,0.001,-0.005,0.996,-3.36,0.78,1.09
12400.0,-0.002,0.000,0.995,-3.37,1.07,1.03
12420.0,0.000,0.003,1.000,-3.51,0.78,1.01
12440.0,0.001,-0.003,0.996,-3.2,1.13,1.14
12460.0,0.002,-0.002,0.999,-3.03,0.83,1.04
12480.0,0.000,0.005,1.002,-3.31,0.94,1.18
12500.0,0.003,-0.001,1.001,-3.04,0.99,0.96
12520.0,0.001,-0.004,1.001,-3.53,1.09,0.95
12540.0,-0.002,0.002,0.992,-3.4,1.1,1.24
12560.0,0.000,0.003,0.998,-3.43,0.91,1.13
12580.0,-0.001,0.002,1.000,-3.23,0.58,0.95
12600.0,-0.003,-0.002,1.005,-3.25,0.82,0.98
12620.0,-0.000,-0.001,1.002,-3.56,0.81,1.02
12640.0,0.001,-0.002,0.996,-3.44,1.27,1.12
12660.0,0.001,0.002,1.004,-3.59,0.73,1.08
12680.0,0.001,0.003,1.007,-3.32,1.07,1.2
12700.0,-0.001,-0.000,1.001,-3.36,0.95,1.27
12720.0,0.003,0.004,0.996,-3.46,0.92,0.91
12740.0,0.004,-0.002,0.995,-3.63,1.17,1.08
12760.0,0.002,-0.002,0.998,-3.53,1.05,1.04
12780.0,0.000,-0.003,0.996,-3.15,0.84,0.96
12800.0,-0.002,-0.002,1.003,-2.99,0.93,1.01
12820.0,0.001,-0.002,0.999,-3.52,0.88,1.17
12840.0,-0.002,0.001,1.004,-3.39,1.02,1.13
12860.0,-0.000,-0.001,1.005,-3.55,1.08,1.01
12880.0,0.001,0.001,1.003,-3.17,0.68,1.17
12900.0,-0.003,0.001,0.994,-3.39,0.66,0.87
12920.0,0.001,0.000,1.003,-3.3,1.0,1.04
12940.0,-0.000,0.003,1.003,-3.3,0.97,1.04
12960.0,0.002,-0.001,1.002,-3.35,1.19,0.79
12980.0,0.003,0.004,1.003,-3.2,0.94,0.93
13000.0,-0.003,0.002,1.001,-3.44,0.94,1.04
13020.0,0.003,-0.003,0.998,-3.2,0.94,0.9
13040.0,-0.000,-0.001,1.001,-3.52,0.89,0.97
13060.0,0.000,0.003,1.005,-3.1,0.97,1.14
13080.0,0.001,0.001,1.006,-3.22,1.11,0.96
13100.0,0.000,-0.000,1.001,-3.01,0.94,1.04
13120.0,0.000,-0.001,1.001,-3.31,1.14,0.69
13140.0,-0.002,0.004,1.005,-3.59,1.02,1.12
13160.0,0.000,0.002,0.997,-3.22,0.79,1.08
13180.0,-0.001,-0.001,1.001,-3.75,0.92,0.95
13200.0,0.000,0.003,1.002,-3.3,1.09,0.88
13220.0,-0.003,0.003,0.995,-3.52,1.01,0.93
13240.0,-0.003,-0.002,0.999,-3.27,0.78,1.14
13260.0,-0.005,-0.007,1.000,-3.31,0.93,0.99
13280.0,-0.000,0.003,0.998,-3.24,1.06,1.11
13300.0,0.000,0.003,1.006,-3.56,0.72,1.06
13320.0,-0.006,0.001,1.003,-3.34,1.28,1.21
13340.0,-0.000,-0.001,1.001,-3.28,0.72,0.88
13360.0,-0.002,0.002,1.000,-3.5,0.85,1.02
13380.0,-0.001,0.003,1.004,-3.74,0.85,0.95
13400.0,0.002,0.003,1.000,-3.4,0.93,0.9
13420.0,0.003,0.000,1.002,-3.49,0.85,1.09
13440.0,-0.001,-0.004,1.001,-3.43,0.99,1.05
13460.0,-0.002,-0.001,1.000,-3.28,0.82,0.82
13480.0,0.000,-0.003,1.000,-3.23,0.92,1.12
13500.0,-0.001,0.002,1.007,-3.1,0.94,1.16
13520.0,-0.000,-0.002,1.002,-3.48,0.79,0.98
13540.0,-0.003,-0.002,1.004,-3.49,1.01,1.04
13560.0,-0.004,-0.001,1.001,-3.6,0.82,0.91
13580.0,-0.004,0.004,1.005,-3.24,0.99,1.09
13600.0,0.002,0.004,0.999,-3.38,0.94,1.02
13620.0,-0.003,0.001,0.997,-3.47,0.88,0.96
13640.0,-0.006,-0.004,1.003,-3.33,0.95,1.09
13660.0,-0.003,0.001,1.003,-3.63,0.85,1.13
13680.0,-0.002,0.004,0.997,-3.65,0.92,0.94
13700.0,-0.001,0.002,1.007,-3.68,1.13,1.03
13720.0,-0.008,-0.004,0.996,-3.33,0.65,0.91
13740.0,0.002,-0.001,0.997,-3.44,0.96,1.07
13760.0,-0.004,-0.006,1.003,-3.49,0.78,0.85
13780.0,-0.003,0.003,0.997,-3.33,1.09,1.08
13800.0,-0.002,-0.001,1.001,-3.27,0.81,0.9
13820.0,-0.004,-0.001,0.994,-3.7,0.91,0.91
13840.0,-0.001,-0.005,1.000,-3.48,0.97,0.88
13860.0,0.003,0.002,1.003,-3.15,0.57,1.08
13880.0,-0.001,-0.001,0.994,-3.24,1.21,0.93
13900.0,-0.002,0.002,0.997,-3.33,0.9,0.97
13920.0,-0.001,0.002,0.993,-3.24,1.04,0.84
13940.0,-0.005,0.002,0.997,-3.48,0.87,1.29
13960.0,0.000,-0.002,1.006,-3.39,1.13,1.03
13980.0,0.002,-0.002,0.999,-3.29,0.98,1.14
14000.0,0.002,0.003,0.996,-3.51,1.1,1.01
14020.0,-0.006,0.005,1.004,-3.47,1.07,1.08
14040.0,-0.004,0.001,0.999,-3.11,0.84,1.14
14060.0,0.001,-0.003,1.005,-3.43,0.78,1.15
14080.0,0.003,-0.001,1.006,-3.24,0.92,1.03
14100.0,-0.001,-0.003,0.995,-3.08,1.14,1.05
14120.0,-0.002,-0.001,0.997,-3.1,0.7,1.18
14140.0,0.001,0.000,1.005,-3.42,1.18,1.09
14160.0,-0.000,-0.001,0.997,-3.63,1.16,0.85
14180.0,0.001,-0.006,1.007,-3.58,1.13,1.0
14200.0,0.000,0.002,1.000,-3.4,0.91,1.2
14220.0,-0.001,0.001,1.007,-3.38,0.65,0.97
14240.0,0.000,0.000,0.991,-3.2,0.97,1.32
14260.0,-0.004,0.000,1.003,-3.56,0.91,0.92
14280.0,-0.003,-0.001,0.999,-3.46,1.05,1.1
14300.0,0.002,0.004,1.001,-3.4,1.14,1.09
14320.0,0.003,0.003,1.006,-3.47,0.55,1.1
14340.0,-0.000,-0.001,1.001,-3.27,0.97,0.81
14360.0,0.002,0.003,0.994,-3.53,1.17,0.97
14380.0,-0.001,-0.001,0.999,-3.25,1.12,1.14
14400.0,-0.001,-0.001,0.999,-3.39,0.98,0.88
14420.0,-0.002,-0.003,1.001,-3.12,0.97,1.01
14440.0,-0.001,0.001,1.008,-3.56,0.97,1.02
14460.0,-0.002,0.002,1.007,-3.25,1.14,1.22
14480.0,0.000,0.004,1.002,-3.22,1.17,1.11
14500.0,-0.000,-0.001,0.999,-3.43,0.72,1.02
14520.0,0.001,0.000,1.000,-3.24,0.81,1.07
14540.0,-0.002,0.004,1.000,-3.32,0.73,0.85
14560.0,-0.001,0.003,1.005,-3.36,1.14,1.2
14580.0,-0.001,0.000,1.001,-3.24,0.62,1.08
14600.0,-0.003,0.001,1.002,-3.3,1.2,1.04
14620.0,0.000,-0.002,1.000,-3.43,1.11,1.1
14640.0,0.000,0.002,1.004,-3.07,0.97,0.97
14660.0,0.000,-0.001,1.007,-3.26,0.94,1.07
14680.0,-0.001,0.002,1.000,-2.94,0.87,1.15
14700.0,-0.003,0.000,0.999,-3.31,0.74,0.88
14720.0,-0.000,-0.002,0.996,-3.34,1.04,0.76
14740.0,0.001,0.008,0.996,-3.39,1.06,0.94
14760.0,0.003,-0.001,0.995,-3.43,1.07,1.13
14780.0,-0.001,-0.001,1.000,-3.34,0.7,1.15
14800.0,-0.000,0.001,1.001,-3.52,1.12,0.88
14820.0,-0.002,0.001,1.006,-3.2,0.91,1.21
14840.0,0.001,0.005,0.996,-3.56,0.9,0.91
14860.0,0.001,0.005,1.000,-3.39,0.9,1.05
14880.0,0.000,-0.001,1.001,-3.49,0.87,1.11
14900.0,0.000,0.000,1.004,-3.34,0.71,0.96
14920.0,-0.002,-0.001,0.998,-3.49,0.82,1.2
14940.0,0.001,-0.000,1.005,-3.27,1.06,1.14
14960.0,-0.001,-0.001,1.000,-3.31,0.88,0.95
14980.0,-0.001,-0.001,1.002,-3.4,0.78,1.01
15000.0,0.002,-0.001,0.996,-3.49,0.89,0.86
20.0,-0.004,0.004,1.000,-5.3,1.24,1.6
40.0,-0.004,-0.001,0.999,-5.24,1.43,1.66
60.0,0.007,0.000,0.997,-4.96,1.58,1.6
80.0,0.012,-0.004,1.000,-5.43,1.5,1.58
100.0,0.005,-0.002,1.004,-5.13,1.53,1.67
120.0,-0.001,-0.002,1.006,-5.34,1.64,1.63
140.0,-0.007,0.007,1.004,-4.94,1.4,1.7
160.0,-0.003,0.008,1.001,-5.4,1.13,1.96
180.0,0.001,0.007,1.000,-5.2,1.32,1.55
200.0,0.008,-0.006,1.002,-5.43,1.7,1.9
220.0,0.005,-0.005,0.999,-5.45,1.62,1.53
240.0,0.001,0.004,1.005,-5.37,1.59,1.6
260.0,0.000,0.010,0.999,-5.48,1.53,1.55
280.0,-0.003,-0.006,0.997,-5.33,1.19,1.73
300.0,-0.001,-0.006,0.996,-4.99,1.56,1.81
320.0,-0.007,0.007,1.001,-4.94,1.06,1.67
340.0,-0.003,0.006,0.989,-5.24,1.23,1.86
360.0,-0.001,0.001,1.003,-5.14,1.44,1.69
380.0,0.001,-0.001,1.003,-5.4,1.11,1.58
400.0,0.007,-0.002,1.002,-5.2,1.35,1.65
420.0,0.006,-0.000,1.006,-5.42,1.52,1.38
440.0,-0.002,0.004,0.999,-5.13,1.51,1.58
460.0,-0.007,0.001,0.994,-5.15,0.97,1.8
480.0,-0.004,0.004,1.001,-5.25,1.39,1.73
500.0,-0.004,0.002,1.007,-5.41,1.34,1.79
520.0,0.006,-0.002,0.996,-5.02,1.56,1.53
540.0,0.007,-0.002,0.999,-5.43,1.48,1.69
560.0,-0.000,-0.001,0.999,-5.4,1.44,1.69
580.0,-0.002,0.004,1.000,-5.03,1.92,1.7
600.0,0.001,0.001,1.000,-5.41,1.6,1.74
620.0,-0.003,-0.002,0.996,-5.23,1.53,1.83
640.0,-0.004,-0.007,0.994,-5.39,1.47,1.63
660.0,0.006,0.001,1.004,-4.96,1.46,1.72
680.0,0.005,0.003,0.998,-5.09,1.35,1.46
700.0,-0.000,-0.000,0.995,-5.2,1.42,1.64
720.0,-0.002,-0.001,1.001,-5.47,1.33,1.64
740.0,0.004,-0.003,1.001,-4.98,1.27,1.74
760.0,0.000,0.001,0.999,-5.39,1.45,1.7
780.0,0.003,-0.002,1.000,-5.3,1.81,1.62
800.0,-0.000,0.003,0.999,-5.29,0.85,1.56
820.0,-0.002,0.005,1.004,-5.46,1.11,1.63
840.0,-0.001,0.000,1.000,-5.4,1.76,1.76
860.0,-0.001,-0.003,0.997,-5.29,1.44,1.78
880.0,0.005,-0.001,1.003,-4.65,1.21,1.47
900.0,0.006,0.014,0.999,-5.14,1.81,1.81
920.0,0.001,-0.003,1.002,-5.41,1.53,1.72
940.0,-0.006,-0.010,1.001,-5.04,1.27,1.61
960.0,-0.001,-0.000,0.995,-5.03,1.26,1.54
980.0,0.002,0.008,0.993,-5.3,1.79,1.54
1000.0,-0.004,0.009,1.010,-5.27,1.57,1.74
1020.0,-0.009,-0.001,1.005,-5.32,0.98,1.82
1040.0,-0.007,-0.008,1.002,-5.18,1.06,1.58
1060.0,0.002,0.009,1.006,-4.79,1.6,1.71
1080.0,0.011,0.003,0.995,-5.27,1.64,1.69
1100.0,0.003,-0.004,0.995,-5.14,1.52,1.74
1120.0,-0.002,-0.011,1.002,-5.2,1.39,1.9
1140.0,0.003,-0.000,1.017,-4.84,1.78,1.81
1160.0,0.001,0.016,1.008,-4.99,1.61,1.41
1180.0,0.002,0.003,0.998,-5.46,1.24,1.75
1200.0,0.000,-0.007,1.004,-5.32,1.26,1.89
1220.0,-0.004,-0.002,0.999,-4.92,1.61,1.55
1240.0,-0.007,0.005,1.006,-4.86,1.3,1.65
1260.0,-0.006,0.011,1.009,-5.27,1.17,1.72
1280.0,0.000,-0.002,1.003,-5.57,1.11,1.76
1300.0,0.010,-0.011,0.992,-5.14,1.6,1.66
1320.0,0.003,-0.004,1.007,-5.17,1.9,1.78
1340.0,-0.000,0.009,1.000,-5.2,1.63,1.56
1360.0,-0.001,0.009,0.999,-5.2,1.24,1.69
1380.0,-0.001,-0.004,0.999,-5.24,1.2,1.88
1400.0,-0.004,-0.001,1.000,-5.35,1.32,1.76
1420.0,0.001,0.003,1.005,-5.14,1.63,1.57
1440.0,0.004,0.007,1.001,-5.03,1.56,1.6
1460.0,0.005,-0.002,1.001,-5.42,1.47,1.67
1480.0,-0.002,-0.005,1.001,-4.99,1.55,1.52
1500.0,-0.003,-0.007,0.993,-5.06,1.39,1.64
1520.0,-0.004,0.000,1.006,-5.1,1.29,1.61
1540.0,0.010,0.009,0.996,-5.18,1.64,1.63
1560.0,-0.003,0.006,0.995,-5.59,1.76,1.61
1580.0,-0.001,-0.005,1.005,-5.36,1.32,1.68
1600.0,0.000,-0.004,0.995,-5.46,1.36,1.82
1620.0,0.001,0.005,0.993,-5.2,1.34,1.66
1640.0,0.001,-0.001,0.995,-5.13,1.85,1.83
1660.0,-0.001,0.008,1.000,-5.24,1.61,1.39
1680.0,0.002,0.002,1.004,-5.14,0.89,1.6
1700.0,0.003,-0.000,0.991,-5.3,0.82,1.56
1720.0,0.006,-0.007,1.000,-5.2,1.33,1.67
1740.0,0.008,0.003,0.993,-5.17,1.58,1.79
1760.0,0.002,0.005,0.998,-5.07,1.16,1.91
1780.0,-0.005,0.012,1.006,-5.14,1.51,1.6
1800.0,-0.005,0.008,1.005,-5.33,1.33,1.6
1820.0,-0.001,-0.012,0.997,-5.17,1.17,1.79
1840.0,0.009,-0.008,0.998,-5.27,1.68,1.58
1860.0,0.002,-0.003,1.000,-5.03,1.11,1.82
1880.0,-0.004,-0.002,1.004,-5.24,1.48,1.82
1900.0,0.000,-0.004,0.998,-5.19,1.61,1.53
1920.0,0.000,-0.006,1.001,-5.11,1.44,1.67
1940.0,-0.001,0.003,1.004,-5.38,1.53,1.62
1960.0,0.002,-0.001,0.996,-5.3,1.4,2.01
1980.0,0.003,0.001,0.998,-5.24,1.53,1.69
2000.0,-0.000,0.004,0.996,-5.23,1.71,1.81
2020.0,-0.009,0.001,0.994,-5.11,1.27,1.64
2040.0,-0.003,0.002,0.993,-5.39,1.5,1.31
2060.0,0.002,-0.002,1.008,-5.36,1.45,1.73
2080.0,0.001,-0.007,1.003,-4.81,1.5,1.64
2100.0,0.007,-0.004,1.003,-5.06,1.49,1.68
2120.0,0.016,-0.015,0.971,-4.91,5.67,8.11
2140.0,0.016,-0.012,0.958,-5.62,-1.08,-10.11
2160.0,0.048,-0.042,1.005,-4.44,0.2,5.46
2180.0,0.002,-0.019,1.023,-5.26,2.63,1.01
2200.0,-0.002,-0.009,1.009,-5.0,1.7,3.05
2220.0,0.004,0.007,0.999,-4.94,0.23,1.86
2240.0,-0.014,0.004,1.013,-5.21,0.14,1.37
2260.0,-0.004,0.006,0.995,-5.74,0.72,0.76
2280.0,0.035,-0.031,0.980,-4.2,22.27,-36.44
2300.0,-0.075,0.038,0.980,-9.93,-22.85,-15.47
2320.0,0.026,-0.001,1.076,-5.15,-4.21,6.47
2340.0,0.043,-0.002,1.001,-5.01,14.81,2.09
2360.0,-0.004,0.003,1.006,-4.98,-0.01,4.92
2380.0,0.000,0.003,0.992,-5.46,-0.62,2.6
2400.0,0.006,-0.001,0.989,-5.36,2.35,2.39
2420.0,-0.005,-0.007,1.001,-5.02,0.86,2.69
2440.0,0.023,0.008,0.994,-5.33,1.67,2.15
2460.0,0.007,0.008,0.998,-5.32,3.28,2.69
2480.0,0.005,0.004,1.002,-5.1,1.37,2.37
2500.0,0.003,-0.002,0.998,-5.04,0.63,2.08
2520.0,-0.003,-0.000,0.999,-5.05,2.06,2.08
2540.0,-0.001,0.000,0.996,-5.03,1.26,2.07
2560.0,0.002,0.005,1.008,-5.11,1.12,1.83
2580.0,0.001,-0.002,1.009,-4.91,1.52,2.02
2600.0,0.001,-0.003,0.998,-5.21,0.95,1.76
2620.0,-0.001,-0.002,1.000,-5.13,1.44,1.82
2640.0,-0.005,0.006,1.004,-5.03,1.49,2.09
2660.0,0.005,0.004,0.998,-5.04,1.3,1.98
2680.0,0.000,-0.002,1.003,-5.09,1.41,1.84
2700.0,0.006,-0.000,1.004,-5.11,1.25,1.68
2720.0,0.000,0.000,1.000,-4.96,1.23,1.79
2740.0,0.001,-0.001,1.003,-5.15,1.5,1.89
2760.0,0.001,0.000,1.004,-5.26,1.31,1.83
2780.0,0.003,-0.004,0.997,-5.21,1.24,1.86
2800.0,0.001,-0.002,0.997,-5.27,1.72,1.94
2820.0,-0.002,0.003,1.004,-4.95,1.37,1.74
2840.0,-0.001,-0.001,1.000,-4.96,1.29,1.89
2860.0,-0.005,0.004,1.001,-5.3,1.44,1.7
2880.0,0.003,-0.003,1.005,-4.92,1.38,1.86
2900.0,0.002,0.001,0.998,-5.07,1.39,1.67
2920.0,0.007,-0.004,0.998,-5.11,1.47,1.69
2940.0,-0.001,-0.002,1.006,-5.22,1.4,1.92
2960.0,-0.001,0.001,1.005,-5.23,1.18,1.66
2980.0,-0.004,0.001,1.011,-5.18,1.39,1.81
3000.0,0.000,0.003,0.997,-5.46,1.47,1.88
3020.0,0.003,-0.003,0.999,-5.16,1.58,1.31
3040.0,0.001,-0.003,0.999,-5.09,1.41,1.78
3060.0,0.003,-0.002,1.009,-5.01,0.95,1.77
3080.0,-0.004,-0.003,1.005,-5.15,1.56,1.82
3100.0,-0.005,0.004,1.003,-5.5,1.37,1.68
3120.0,0.006,0.003,1.004,-5.33,1.66,1.83
3140.0,0.002,-0.001,0.998,-5.24,1.27,1.78
3160.0,0.002,-0.000,0.999,-4.96,1.26,1.71
3180.0,0.003,0.001,1.002,-5.24,1.14,1.93
3200.0,0.001,0.000,1.000,-5.13,1.21,1.52
3220.0,0.000,-0.001,0.998,-5.37,1.34,1.69
3240.0,-0.001,0.001,0.996,-5.14,1.46,1.76
3260.0,0.001,-0.004,1.001,-5.16,1.46,1.69
3280.0,-0.001,0.005,1.007,-5.46,1.22,1.81
3300.0,0.001,0.002,0.999,-5.14,1.29,1.65
3320.0,0.001,-0.001,1.001,-5.07,1.32,1.92
3340.0,0.003,-0.000,0.998,-5.34,1.23,1.86
3360.0,0.005,0.001,1.002,-5.22,1.21,1.69
3380.0,0.003,-0.006,1.000,-4.85,1.24,1.81
3400.0,-0.004,0.001,1.009,-5.17,1.18,1.61
3420.0,-0.003,-0.002,1.001,-5.07,1.57,1.87
3440.0,-0.001,-0.001,1.002,-5.22,1.32,1.49
3460.0,0.003,0.002,1.004,-4.98,1.55,1.69
3480.0,0.005,-0.002,1.002,-5.16,1.27,1.79
3500.0,0.005,-0.003,0.999,-5.21,1.42,1.92
3520.0,-0.004,0.000,1.007,-5.11,1.19,1.66
3540.0,-0.003,-0.000,0.997,-5.1,1.22,1.63
3560.0,0.001,0.005,1.002,-5.46,1.47,1.67
3580.0,0.001,-0.004,1.002,-5.21,1.47,1.57
3600.0,0.008,-0.001,0.997,-5.4,1.44,1.82
3620.0,-0.004,-0.006,0.993,-5.02,1.55,1.86
3640.0,0.001,0.001,1.000,-5.3,1.3,1.68
3660.0,-0.001,-0.002,1.002,-5.04,1.22,1.63
3680.0,0.002,0.004,0.999,-5.39,1.34,1.8
3700.0,0.002,-0.002,0.999,-5.07,1.27,1.67
3720.0,0.001,-0.006,1.002,-5.2,1.53,1.52
3740.0,0.003,-0.000,0.996,-5.15,1.14,1.52
3760.0,-0.001,-0.001,1.001,-5.17,1.33,1.79
3780.0,0.001,0.005,1.001,-5.04,1.19,1.73
3800.0,0.004,0.002,0.997,-5.03,1.35,1.63
3820.0,0.002,0.001,1.001,-5.24,1.55,1.82
3840.0,0.003,-0.004,1.001,-5.33,1.61,1.73
3860.0,-0.001,0.001,0.998,-5.11,1.6,1.69
3880.0,-0.000,-0.005,0.996,-5.17,1.38,1.57
3900.0,0.002,-0.001,1.003,-5.19,1.24,1.77
3920.0,0.000,-0.002,1.002,-5.0,1.3,1.51
3940.0,0.001,-0.000,0.995,-5.14,1.51,1.96
3960.0,-0.003,-0.004,1.002,-5.04,1.46,1.38
3980.0,-0.000,-0.000,1.001,-5.46,1.47,1.67
4000.0,0.004,-0.004,1.002,-5.15,1.37,1.53
4020.0,0.006,-0.002,0.994,-5.2,1.33,1.74
4040.0,0.001,-0.003,1.000,-5.04,1.31,1.81
4060.0,0.001,-0.001,0.999,-5.24,1.3,1.4
4080.0,0.003,-0.001,1.001,-5.18,1.11,1.61
4100.0,0.004,0.004,0.999,-5.09,1.2,1.69
4120.0,-0.004,-0.003,0.996,-4.91,1.37,1.94
4140.0,0.002,0.001,1.005,-5.29,1.58,1.48
4160.0,0.001,0.000,1.003,-5.15,1.21,1.8
4180.0,0.004,-0.000,1.002,-5.27,1.53,1.51
4200.0,0.003,0.001,0.998,-5.14,1.48,1.53
4220.0,-0.004,-0.001,0.991,-5.2,1.33,1.64
4240.0,0.001,0.003,1.004,-5.05,1.5,1.76
4260.0,-0.000,0.000,0.991,-5.2,1.44,1.77
4280.0,0.002,0.005,0.998,-5.18,1.23,1.56
4300.0,0.003,-0.002,1.002,-5.23,1.29,1.72
4320.0,0.003,-0.004,0.998,-5.14,1.4,1.72
4340.0,-0.003,0.003,1.003,-5.35,1.55,1.64
4360.0,0.009,-0.000,0.999,-5.27,1.43,1.91
4380.0,0.002,-0.003,0.994,-5.3,1.43,1.57
4400.0,0.002,0.002,0.999,-5.01,1.53,1.84
4420.0,-0.001,-0.001,0.998,-4.95,1.44,1.47
4440.0,0.003,-0.006,1.006,-4.99,1.53,1.53
4460.0,0.002,-0.003,0.998,-5.23,1.35,1.84
4480.0,0.000,0.001,1.001,-5.2,1.47,1.82
4500.0,0.002,0.006,1.001,-4.92,1.59,1.82
4520.0,-0.003,0.006,1.005,-5.1,1.54,1.58
4540.0,-0.006,0.000,1.004,-5.2,1.53,1.69
4560.0,0.002,-0.001,0.993,-5.03,1.6,1.71
4580.0,0.005,0.003,1.000,-5.21,1.71,1.6
4600.0,0.003,0.001,1.000,-5.13,1.6,1.72
4620.0,0.003,0.000,0.999,-5.17,1.61,1.89
4640.0,0.001,0.000,1.008,-5.33,1.55,1.61
4660.0,0.001,0.004,0.994,-5.18,1.3,1.82
4680.0,-0.005,-0.001,0.999,-5.38,1.37,1.63
4700.0,0.001,0.001,1.002,-5.15,1.46,1.73
4720.0,0.003,0.002,1.000,-5.09,1.44,1.38
4740.0,0.007,0.004,0.998,-5.28,1.34,1.73
4760.0,-0.005,0.002,0.991,-5.17,1.4,1.62
4780.0,0.001,0.008,1.008,-5.2,1.69,1.6
4800.0,0.007,-0.002,0.998,-5.56,1.63,1.63
4820.0,-0.001,0.001,1.000,-5.24,1.79,1.6
4840.0,-0.009,-0.001,1.008,-5.22,1.44,1.47
4860.0,-0.000,-0.003,1.001,-4.94,1.21,1.75
4880.0,0.003,0.000,0.997,-5.14,1.49,1.6
4900.0,0.003,0.001,0.994,-5.42,1.69,1.74
4920.0,0.004,-0.004,1.008,-5.17,1.18,1.8
4940.0,0.002,-0.002,0.995,-5.16,1.6,1.58
4960.0,0.003,0.003,1.007,-4.98,1.35,1.73
4980.0,-0.004,0.007,1.000,-4.91,1.63,1.45
5000.0,-0.004,0.007,1.000,-5.11,1.76,1.57
5020.0,0.001,-0.009,1.004,-4.86,1.27,1.65
5040.0,0.004,-0.000,0.997,-5.34,1.53,1.73
5060.0,0.000,0.001,1.009,-4.97,1.74,1.76
5080.0,0.010,0.003,1.001,-5.01,1.6,1.52
5100.0,-0.002,0.001,1.006,-5.27,1.48,1.52
5120.0,-0.004,0.001,0.997,-5.51,1.28,1.95
5140.0,-0.002,-0.002,0.994,-5.11,1.56,1.8
5160.0,-0.002,-0.002,0.994,-5.11,1.51,1.91
5180.0,-0.000,-0.000,1.002,-5.18,1.14,1.88
5200.0,0.003,0.002,1.002,-5.35,1.47,1.72
5220.0,-0.001,-0.002,1.000,-5.27,1.43,1.6
5240.0,-0.003,0.002,1.007,-5.49,1.43,1.7
5260.0,0.002,-0.000,1.002,-4.71,1.04,1.5
5280.0,0.004,0.006,0.999,-5.22,1.55,1.71
5300.0,-0.002,0.000,0.994,-5.43,1.44,1.58
5320.0,0.002,0.005,0.996,-5.31,1.5,1.6
5340.0,0.003,-0.001,1.002,-5.27,1.49,1.95
5360.0,-0.002,0.003,1.000,-5.11,1.28,1.75
5380.0,0.002,0.004,0.995,-5.4,1.28,1.79
5400.0,-0.001,-0.000,0.993,-5.14,1.74,1.92
5420.0,-0.002,-0.005,0.997,-4.99,1.33,1.77
5440.0,-0.003,0.000,0.990,-5.21,1.58,1.68
5460.0,0.002,0.001,1.006,-5.12,1.38,1.75
5480.0,0.001,0.002,0.993,-5.27,1.54,1.61
5500.0,0.006,-0.006,1.002,-5.13,1.33,1.45
5520.0,0.001,-0.002,1.001,-5.26,1.14,1.59
5540.0,-0.000,0.005,0.999,-5.08,1.51,1.75
5560.0,0.000,0.003,0.999,-5.06,1.42,1.57
5580.0,0.003,0.001,1.001,-5.23,1.53,1.5
5600.0,0.007,-0.003,1.001,-5.4,1.63,1.89
5620.0,-0.002,-0.002,1.004,-5.22,1.49,1.63
5640.0,0.001,0.001,0.998,-5.1,1.56,1.81
5660.0,-0.004,0.001,0.997,-5.07,1.43,1.72
5680.0,0.004,-0.002,0.998,-4.9,1.32,1.54
5700.0,-0.001,-0.005,0.999,-5.12,1.49,1.65
5720.0,0.001,0.005,0.998,-5.4,1.32,1.42
5740.0,0.002,0.001,0.998,-5.05,1.4,1.44
5760.0,0.003,-0.001,0.992,-5.0,1.38,1.63
5780.0,-0.003,-0.002,0.999,-5.19,1.3,1.57
5800.0,0.005,-0.000,0.998,-5.12,1.4,1.63
5820.0,0.002,0.003,1.002,-4.91,1.21,1.34
5840.0,0.000,0.001,1.006,-4.88,1.36,1.53
5860.0,-0.002,0.002,0.994,-5.44,1.9,1.89
5880.0,-0.001,0.001,1.000,-5.36,1.38,1.6
5900.0,-0.003,-0.001,0.996,-5.24,1.87,1.57
5920.0,-0.004,-0.003,1.002,-5.49,1.33,1.92
5940.0,0.002,-0.002,0.995,-4.97,1.11,1.8
5960.0,0.000,-0.000,1.001,-5.26,1.21,1.63
5980.0,0.002,0.005,1.001,-5.1,1.17,1.53
6000.0,-0.001,0.005,1.001,-4.78,1.43,1.57
6020.0,-0.003,0.003,1.003,-5.24,1.26,1.76
6040.0,0.002,0.002,1.008,-5.33,1.35,1.56
6060.0,0.003,0.001,0.999,-5.09,1.34,1.72
6080.0,-0.000,0.002,0.996,-5.24,1.44,1.66
6100.0,-0.001,0.002,0.996,-5.1,1.21,1.6
6120.0,-0.001,-0.001,1.001,-5.17,1.47,1.69
6140.0,0.001,0.003,0.996,-5.09,1.5,1.81
6160.0,0.006,-0.001,1.002,-5.13,1.79,1.57
6180.0,-0.003,0.001,0.999,-4.99,1.5,1.7
6200.0,0.002,-0.002,1.000,-5.01,1.39,1.82
6220.0,0.003,-0.005,0.998,-5.06,1.43,1.63
6240.0,0.004,-0.001,1.004,-5.09,1.46,1.52
6260.0,0.004,-0.000,0.994,-5.25,1.33,1.63
6280.0,0.001,-0.004,0.999,-5.2,1.49,1.79
6300.0,-0.002,0.001,0.993,-5.22,1.44,1.78
6320.0,0.001,0.001,0.996,-5.29,1.59,1.98
6340.0,-0.003,-0.003,0.998,-5.18,1.36,1.69
6360.0,-0.002,0.002,1.003,-5.35,1.41,1.88
6380.0,0.005,-0.002,1.002,-5.35,1.33,1.93
6400.0,0.001,-0.002,1.000,-4.95,1.4,1.56
6420.0,0.001,0.003,1.002,-5.14,1.37,1.75
6440.0,-0.001,-0.001,1.002,-4.99,1.34,1.59
6460.0,0.003,0.002,1.005,-5.04,1.59,1.76
6480.0,0.000,0.003,0.998,-5.28,1.47,1.5
6500.0,0.004,0.001,0.998,-5.09,1.32,1.7
6520.0,-0.005,0.001,0.999,-5.15,1.34,1.53
6540.0,0.000,0.001,1.003,-5.11,1.27,1.66
6560.0,0.001,-0.001,0.998,-4.94,1.47,1.59
6580.0,-0.002,-0.000,1.000,-5.03,1.35,1.63
6600.0,-0.002,0.000,0.999,-4.94,1.36,1.65
6620.0,-0.001,-0.000,1.000,-5.1,1.3,1.56
6640.0,-0.003,0.004,1.003,-5.33,1.53,1.74
6660.0,0.001,0.004,0.998,-5.33,1.43,1.71
6680.0,0.000,0.003,1.002,-5.35,1.67,1.65
6700.0,-0.003,0.000,1.006,-5.34,1.14,1.82
6720.0,-0.004,-0.000,0.999,-5.23,1.57,1.62
6740.0,0.001,-0.003,0.993,-4.94,1.53,1.65
6760.0,0.002,0.001,1.004,-5.09,1.29,1.73
6780.0,0.000,0.000,1.004,-5.25,1.21,1.53
6800.0,-0.001,-0.003,1.005,-4.88,1.39,1.61
6820.0,-0.001,0.004,1.002,-5.16,1.27,1.68
6840.0,0.001,0.002,0.994,-5.32,1.29,1.68
6860.0,0.003,0.002,1.001,-4.95,1.28,1.61
6880.0,0.001,-0.000,0.996,-5.59,1.14,1.69
6900.0,-0.001,-0.001,0.996,-5.12,1.66,1.6
6920.0,0.003,0.000,1.001,-5.18,1.45,1.54
6940.0,0.004,-0.001,1.006,-5.02,1.54,1.7
6960.0,0.008,0.002,1.002,-5.36,1.4,1.67
6980.0,0.002,0.005,1.004,-5.36,1.43,1.73
7000.0,0.001,-0.002,0.996,-5.34,1.1,1.79
7020.0,-0.003,-0.005,1.002,-5.21,1.63,1.42
7040.0,-0.003,-0.008,0.992,-5.13,1.08,1.61
7060.0,0.005,0.002,1.004,-5.2,1.47,1.51
7080.0,0.004,0.009,1.003,-5.16,1.63,1.58
7100.0,0.006,0.003,0.995,-5.13,1.59,1.55
7120.0,-0.000,-0.006,0.999,-5.04,1.24,1.45
7140.0,-0.000,-0.003,1.002,-5.32,1.21,1.67
7160.0,0.003,0.002,0.995,-5.46,1.36,1.66
7180.0,0.004,0.002,0.995,-4.87,1.4,1.6
7200.0,0.004,-0.006,1.003,-5.43,1.63,1.68
7220.0,0.001,-0.005,1.002,-5.63,1.39,1.44
7240.0,-0.000,-0.002,0.996,-5.16,1.4,1.68
7260.0,-0.002,0.003,1.003,-5.56,1.65,1.74
7280.0,0.003,0.001,1.003,-5.24,1.27,1.53
7300.0,0.002,-0.004,0.991,-5.27,1.24,1.7
7320.0,0.005,-0.003,1.003,-5.24,1.53,1.84
7340.0,0.004,0.007,0.998,-5.13,1.5,1.79
7360.0,-0.001,-0.001,1.000,-5.49,1.45,1.83
7380.0,0.006,0.001,0.998,-5.4,1.49,1.76
7400.0,0.002,-0.003,1.000,-5.1,1.71,1.61
7420.0,0.000,0.002,1.004,-5.49,1.55,1.71
7440.0,-0.002,0.001,0.995,-5.2,1.72,1.82
7460.0,0.002,-0.001,0.998,-5.25,1.64,1.69
7480.0,0.003,-0.001,0.998,-5.14,1.77,1.53
7500.0,-0.003,-0.001,1.001,-5.14,1.53,1.72
7520.0,0.003,-0.000,0.998,-4.98,1.46,1.82
7540.0,0.006,-0.001,0.998,-5.13,1.49,1.69
7560.0,0.003,0.001,0.997,-5.0,1.43,1.55
7580.0,0.003,0.001,1.004,-5.01,1.36,1.49
7600.0,0.001,-0.004,1.002,-5.17,1.1,1.63
7620.0,0.002,-0.003,0.996,-5.2,1.23,1.54
7640.0,-0.005,0.005,1.006,-5.16,1.1,1.45
7660.0,-0.002,-0.000,1.004,-5.39,1.46,1.67
7680.0,-0.001,-0.002,1.006,-5.27,1.2,1.61
7700.0,0.008,-0.009,1.005,-5.24,1.63,1.81
7720.0,0.003,0.001,0.992,-4.94,1.61,1.71
7740.0,0.001,0.002,1.001,-5.1,1.51,1.7
7760.0,-0.000,0.001,0.998,-5.17,1.48,1.68
7780.0,0.002,-0.002,0.999,-5.23,1.47,1.7
7800.0,-0.002,-0.005,0.992,-5.29,1.5,1.72
7820.0,0.001,0.001,1.003,-5.1,1.4,1.85
7840.0,0.004,0.004,0.997,-5.12,1.28,1.58
7860.0,0.004,-0.006,1.006,-5.47,1.44,1.69
7880.0,-0.001,-0.003,0.999,-4.88,1.37,1.84
7900.0,-0.005,0.003,1.001,-5.01,1.63,1.82
7920.0,0.000,0.002,1.005,-5.07,1.66,1.72
7940.0,0.000,0.000,1.000,-5.4,1.5,1.69
7960.0,0.002,-0.002,1.004,-5.14,1.2,1.61
7980.0,-0.002,-0.002,0.996,-5.16,1.63,1.75
8000.0,0.001,0.002,1.003,-4.94,1.52,1.78
8020.0,0.003,0.002,1.000,-5.36,1.45,1.47
8040.0,-0.003,0.001,1.003,-4.98,1.31,1.46
8060.0,0.001,0.001,0.994,-5.33,1.52,1.41
8080.0,0.004,-0.001,1.002,-5.17,1.54,1.79
8100.0,0.001,0.005,0.998,-5.01,1.54,1.43
8120.0,0.000,-0.000,1.002,-5.21,1.5,1.53
8140.0,0.003,-0.002,0.997,-5.26,1.47,1.5
8160.0,-0.003,-0.002,1.000,-5.1,1.54,1.6
8180.0,-0.002,-0.000,0.996,-5.24,1.44,1.72
8200.0,0.001,0.001,0.999,-5.31,1.42,1.69
8220.0,0.000,0.000,0.999,-5.24,1.23,1.61
8240.0,0.000,-0.005,0.999,-5.31,1.5,1.72
8260.0,0.005,0.002,1.004,-5.18,1.58,1.73
8280.0,-0.002,-0.002,0.996,-5.01,1.48,1.57
8300.0,0.001,0.003,0.991,-5.28,1.49,1.61
8320.0,0.001,-0.000,0.997,-5.56,1.41,1.73
8340.0,-0.004,-0.003,1.003,-5.25,1.18,1.79
8360.0,-0.003,0.000,1.004,-5.24,1.5,1.71
8380.0,0.001,-0.001,1.006,-5.33,1.5,1.63
8400.0,-0.001,-0.001,1.001,-4.82,1.24,1.69
8420.0,-0.003,-0.002,1.004,-5.25,1.46,1.71
8440.0,-0.002,0.001,1.004,-5.52,1.37,1.52
8460.0,0.002,-0.001,0.995,-5.27,1.68,1.7
8480.0,-0.001,0.002,0.997,-5.1,1.43,1.69
8500.0,0.003,-0.004,0.999,-5.09,1.6,1.86
8520.0,0.003,0.002,0.994,-5.24,1.08,1.5
8540.0,-0.004,-0.002,0.996,-5.36,1.45,1.59
8560.0,0.001,-0.001,0.999,-5.2,1.49,1.51
8580.0,-0.004,-0.003,1.005,-5.34,1.31,1.7
8600.0,-0.001,-0.001,0.995,-5.11,1.26,1.89
8620.0,-0.004,0.001,1.004,-5.27,1.41,1.75
8640.0,-0.000,-0.001,0.994,-5.07,1.31,2.02
8660.0,0.001,-0.001,0.991,-5.11,1.27,1.71
8680.0,0.046,0.001,1.035,-5.56,5.81,1.86
8700.0,0.011,0.007,1.008,-5.23,4.01,1.78
8720.0,-0.009,0.005,0.995,-5.23,1.63,1.57
8740.0,-0.006,0.000,0.999,-5.22,1.21,1.45
8760.0,-0.005,0.001,1.001,-5.1,0.89,1.77
8780.0,-0.002,-0.001,1.000,-5.13,1.48,1.59
8800.0,0.002,-0.001,1.005,-5.21,1.41,1.68
8820.0,-0.000,-0.002,0.996,-5.46,1.05,1.82
8840.0,0.002,-0.004,0.996,-5.22,1.14,1.65
8860.0,0.002,0.005,1.004,-5.17,1.47,1.79
8880.0,-0.002,-0.002,1.003,-5.27,1.4,1.73
8900.0,-0.002,-0.001,0.995,-4.88,1.52,1.6
8920.0,0.003,0.002,1.003,-5.18,1.52,1.82
8940.0,0.001,-0.005,1.002,-5.25,1.66,1.6
8960.0,0.003,0.001,0.995,-5.15,1.5,1.53
8980.0,-0.078,0.023,0.992,-4.88,-2.03,2.21
9000.0,0.009,-0.027,1.014,-5.23,0.56,1.58
9020.0,0.011,-0.003,0.991,-5.34,1.71,1.79
9040.0,0.005,0.003,1.003,-4.91,1.65,1.76
9060.0,-0.004,0.010,0.996,-4.99,1.24,1.66
9080.0,-0.001,-0.003,0.997,-5.2,1.57,1.66
9100.0,0.002,-0.005,1.005,-5.27,1.32,1.87
9120.0,0.006,-0.002,0.999,-5.08,1.17,1.94
9140.0,-0.002,0.007,0.999,-5.29,1.61,1.72
9160.0,-0.002,0.002,1.001,-5.2,1.22,1.72
9180.0,-0.001,-0.007,1.000,-5.15,1.61,1.56
9200.0,0.001,-0.004,1.003,-5.38,1.56,1.91
9220.0,-0.002,-0.002,1.002,-5.02,1.59,1.93
9240.0,-0.002,0.006,1.008,-5.3,1.63,1.78
9260.0,0.005,-0.003,1.001,-5.27,1.07,1.63
9280.0,-0.003,-0.004,0.999,-5.23,1.58,1.83
9300.0,-0.001,0.001,1.001,-5.57,1.6,1.82
9320.0,0.001,0.002,1.002,-5.24,1.54,1.75
9340.0,0.007,0.003,0.995,-5.03,1.46,1.86
9360.0,0.001,-0.003,1.003,-5.36,1.66,1.85
9380.0,0.001,0.003,0.997,-4.78,1.26,1.76
9400.0,-0.003,0.005,0.999,-5.25,1.44,1.52
9420.0,0.004,0.005,1.002,-5.14,1.44,1.56
9440.0,0.003,-0.003,0.995,-4.95,1.34,1.64
9460.0,-0.002,-0.001,1.002,-4.95,1.38,1.55
9480.0,0.006,-0.002,0.999,-5.39,1.28,1.68
9500.0,0.006,0.002,0.991,-5.01,1.01,1.65
9520.0,-0.006,-0.007,0.995,-5.11,0.94,1.94
9540.0,-0.012,-0.000,1.001,-5.04,1.14,1.66
9560.0,-0.004,0.004,0.997,-5.12,1.36,1.4
9580.0,0.002,-0.001,1.007,-5.15,1.39,1.58
9600.0,0.004,-0.006,0.998,-5.04,1.66,1.62
9620.0,0.003,0.004,0.997,-5.02,1.36,1.57
9640.0,-0.001,0.003,1.001,-5.16,1.15,1.81
9660.0,-0.004,-0.006,0.993,-5.27,1.27,1.73
9680.0,-0.006,-0.002,1.007,-4.99,1.73,1.79
9700.0,0.002,0.008,0.999,-5.04,1.33,1.76
9720.0,0.001,0.008,1.001,-5.36,1.42,1.78
9740.0,-0.001,0.003,0.996,-5.59,1.75,1.8
9760.0,-0.002,-0.003,0.996,-5.37,1.37,1.72
9780.0,0.005,0.000,0.996,-5.24,1.39,1.73
9800.0,0.004,0.004,1.000,-5.37,1.2,1.93
9820.0,0.002,-0.000,1.000,-5.27,1.56,1.47
9840.0,0.000,-0.002,1.005,-5.05,1.51,1.63
9860.0,0.001,-0.005,1.001,-5.2,1.14,1.74
9880.0,0.003,-0.000,0.998,-5.14,1.55,1.64
9900.0,0.006,0.004,1.006,-5.03,1.63,1.86
9920.0,0.007,-0.003,0.999,-5.2,1.23,1.79
9940.0,-0.001,-0.004,0.996,-4.91,1.53,1.67
9960.0,-0.002,-0.004,1.004,-5.14,1.24,1.57
9980.0,-0.001,-0.004,0.991,-5.03,1.18,1.44
10000.0,0.002,0.004,0.996,-5.2,1.34,1.96
10020.0,0.004,0.002,1.000,-5.32,1.64,1.57
10040.0,0.003,-0.001,0.991,-5.07,1.55,1.78
10060.0,-0.001,0.007,1.001,-5.14,1.5,1.69
10080.0,-0.002,0.004,1.002,-5.31,1.68,1.57
10100.0,0.002,0.001,0.994,-5.26,1.57,1.66
10120.0,0.008,-0.008,1.000,-5.13,1.42,1.53
10140.0,0.002,-0.007,0.998,-5.04,1.6,1.67
10160.0,0.000,0.007,1.000,-5.09,1.68,1.95
10180.0,-0.001,0.006,1.000,-5.01,1.58,1.66
10200.0,-0.002,-0.000,0.993,-4.99,1.43,1.85
10220.0,0.002,-0.003,0.998,-5.19,1.64,1.71
10240.0,0.012,-0.001,0.997,-5.19,1.42,1.63
10260.0,0.006,0.004,1.003,-5.43,1.23,1.76
10280.0,-0.004,-0.002,0.995,-4.99,1.31,1.69
10300.0,-0.002,-0.002,1.005,-5.17,1.64,1.86
10320.0,0.001,0.000,1.000,-5.29,1.85,1.37
10340.0,0.002,0.001,0.998,-4.94,1.59,1.7
10360.0,0.001,-0.004,0.995,-5.33,1.52,1.64
10380.0,0.000,-0.003,1.000,-5.33,1.46,1.92
10400.0,0.001,-0.003,1.001,-5.07,1.39,1.47
10420.0,-0.004,0.001,1.003,-5.03,1.48,1.68
10440.0,-0.006,0.001,1.007,-5.23,1.33,1.73
10460.0,-0.003,-0.002,1.003,-5.23,1.28,1.63
10480.0,0.008,-0.000,1.002,-5.16,1.51,1.81
10500.0,0.001,-0.001,0.999,-4.95,1.67,1.58
10520.0,0.000,0.005,1.001,-5.13,1.63,1.61
10540.0,0.002,-0.002,0.994,-5.25,1.2,1.68
10560.0,0.003,-0.002,0.999,-5.3,1.5,1.59
10580.0,0.003,-0.004,1.000,-4.53,1.48,1.63
10600.0,0.001,-0.000,0.996,-5.34,1.49,1.7
10620.0,-0.000,0.002,0.998,-5.17,1.51,1.73
10640.0,-0.005,0.003,0.998,-4.98,1.53,1.8
10660.0,-0.002,-0.000,1.001,-5.12,1.4,1.79
10680.0,0.000,-0.001,1.004,-5.24,1.63,1.71
10700.0,0.002,-0.002,1.003,-5.3,1.11,1.45
10720.0,0.002,0.002,1.001,-5.37,1.27,1.86
10740.0,0.002,-0.001,0.999,-5.07,1.48,1.82
10760.0,0.002,0.002,0.998,-5.08,1.49,1.83
10780.0,-0.004,0.004,0.997,-5.18,1.57,1.67
10800.0,-0.003,-0.001,1.003,-5.24,1.49,1.71
10820.0,0.002,-0.001,0.997,-5.13,1.44,1.88
10840.0,0.003,0.002,1.003,-4.85,1.47,1.44
10860.0,0.001,0.007,1.003,-5.27,1.49,1.68
10880.0,-0.003,0.001,1.002,-5.49,1.56,1.6
10900.0,-0.000,0.003,1.003,-5.44,1.42,1.47
10920.0,-0.003,-0.004,0.995,-5.2,1.44,1.68
10940.0,0.003,-0.002,1.004,-4.9,1.32,1.38
10960.0,0.004,0.002,0.993,-5.01,1.28,1.64
10980.0,0.001,0.001,0.998,-5.16,1.37,1.72
11000.0,-0.000,-0.003,0.999,-5.21,1.38,1.72
11020.0,-0.002,-0.006,0.995,-5.28,1.59,1.58
11040.0,0.006,0.001,1.005,-5.27,1.41,1.65
11060.0,-0.002,0.001,1.003,-5.09,1.37,1.73
11080.0,-0.001,0.005,1.002,-5.13,1.37,1.79
11100.0,0.000,-0.005,1.001,-5.08,1.52,1.67
11120.0,-0.000,0.001,0.996,-4.98,1.29,1.79
11140.0,-0.001,0.005,1.007,-5.27,1.31,1.53
11160.0,0.002,0.000,0.995,-5.3,1.43,1.95
11180.0,0.001,0.002,1.002,-5.07,1.48,1.64
11200.0,-0.002,-0.003,0.999,-5.4,1.47,1.89
11220.0,-0.002,-0.002,1.006,-4.96,1.17,1.53
11240.0,0.003,-0.001,1.002,-5.43,1.23,1.9
11260.0,0.003,-0.002,0.995,-5.08,1.6,1.82
11280.0,0.000,0.006,1.006,-5.14,1.34,1.79
11300.0,-0.001,-0.003,1.001,-5.36,1.51,1.61
11320.0,-0.004,-0.002,1.002,-5.24,1.54,1.75
11340.0,-0.001,-0.001,1.003,-5.2,1.32,1.59
11360.0,-0.002,-0.001,1.003,-5.17,1.37,1.36
11380.0,0.002,-0.008,1.002,-5.6,1.47,1.96
11400.0,0.006,-0.001,0.997,-5.2,1.31,1.81
11420.0,-0.000,0.002,0.997,-5.13,1.4,1.83
11440.0,-0.001,0.001,0.993,-5.24,1.2,1.59
11460.0,0.000,0.001,0.997,-5.25,1.27,1.81
11480.0,0.001,-0.003,1.002,-5.24,1.27,1.59
11500.0,0.005,-0.001,1.005,-5.29,1.34,1.63
11520.0,-0.002,0.004,0.999,-5.02,1.6,1.62
11540.0,0.002,-0.000,1.006,-5.04,1.42,1.49
11560.0,-0.002,-0.003,1.005,-5.28,1.38,1.47
11580.0,-0.002,-0.004,1.001,-5.32,1.15,1.63
11600.0,0.000,-0.002,1.002,-5.47,1.64,1.69
11620.0,-0.000,0.002,1.005,-5.21,1.32,1.49
11640.0,0.002,-0.001,0.997,-5.04,1.23,1.6
11660.0,0.003,-0.002,0.995,-4.98,1.31,1.73
11680.0,0.002,0.000,1.001,-5.2,1.51,1.39
11700.0,0.002,0.001,1.004,-4.86,1.29,1.66
11720.0,0.002,0.001,1.006,-4.98,1.75,1.47
11740.0,0.001,-0.001,1.004,-5.1,1.2,1.63
11760.0,-0.002,0.000,0.999,-5.38,1.47,1.78
11780.0,0.004,-0.002,0.997,-5.29,1.56,1.6
11800.0,0.002,-0.002,0.996,-5.18,1.35,1.59
11820.0,0.003,-0.001,1.000,-5.04,1.47,1.78
11840.0,-0.003,0.000,1.003,-5.36,1.55,1.76
11860.0,-0.000,0.004,1.003,-5.31,1.62,1.61
11880.0,-0.002,0.003,1.004,-5.14,1.76,1.46
11900.0,0.002,-0.003,0.993,-4.88,1.4,1.69
11920.0,0.004,-0.005,0.999,-5.01,1.5,1.42
11940.0,0.001,0.003,1.000,-5.46,1.37,1.92
11960.0,-0.003,0.002,1.003,-5.11,1.34,1.57
11980.0,0.002,-0.003,1.006,-5.12,1.37,1.81
12000.0,0.004,-0.005,1.003,-5.42,1.3,1.68
12020.0,0.001,-0.002,1.004,-4.89,1.47,1.73
12040.0,0.002,0.000,1.003,-5.16,1.29,1.66
12060.0,-0.001,0.003,1.004,-5.53,1.24,1.28
12080.0,-0.001,0.001,1.001,-5.17,1.48,1.72
12100.0,-0.000,-0.001,0.994,-5.16,1.64,1.55
12120.0,0.002,-0.001,0.999,-4.89,1.34,1.54
12140.0,-0.001,0.004,1.000,-5.07,1.37,1.64
12160.0,-0.001,0.002,0.997,-5.17,1.38,1.77
12180.0,0.003,0.002,1.001,-5.11,1.45,1.71
12200.0,0.003,-0.002,0.996,-5.12,1.46,1.63
12220.0,-0.004,0.002,0.997,-5.09,1.45,1.79
12240.0,0.003,-0.002,1.001,-5.17,1.23,1.78
12260.0,0.000,0.000,0.997,-5.14,1.44,1.72
12280.0,0.005,0.003,1.002,-5.16,1.72,1.7
12300.0,0.004,0.003,0.999,-5.04,1.61,1.73
12320.0,-0.000,0.001,0.997,-5.43,1.43,1.6
12340.0,0.004,-0.000,1.002,-5.2,1.44,1.6
12360.0,0.002,-0.001,1.008,-4.97,1.6,1.48
12380.0,0.004,0.002,1.000,-5.07,1.42,1.62
12400.0,-0.004,-0.002,0.999,-5.2,1.45,1.76
12420.0,0.004,0.003,0.998,-5.35,1.46,1.89
12440.0,0.000,-0.006,1.004,-5.1,1.26,1.86
12460.0,0.002,0.002,0.997,-4.99,1.53,1.83
12480.0,0.001,-0.002,1.000,-5.27,1.01,1.89
12500.0,0.001,0.002,0.999,-5.14,1.62,1.37
12520.0,-0.002,-0.001,1.006,-5.01,1.37,1.6
12540.0,-0.000,0.001,0.994,-4.99,1.4,1.6
12560.0,0.002,-0.003,1.002,-5.14,1.64,1.72
12580.0,-0.001,0.001,1.008,-5.31,1.51,1.62
12600.0,0.002,-0.001,0.996,-5.14,1.5,1.81
12620.0,-0.002,0.000,1.002,-5.17,1.73,1.67
12640.0,0.004,0.001,1.001,-5.11,1.5,1.4
12660.0,0.001,0.000,1.000,-5.3,1.34,1.73
12680.0,-0.002,-0.000,1.003,-5.28,1.52,1.75
12700.0,-0.000,0.000,0.997,-5.3,1.3,1.69
12720.0,0.000,0.003,0.997,-5.4,1.51,1.58
12740.0,0.003,0.002,1.000,-5.29,1.19,1.73
12760.0,0.000,0.001,1.004,-4.88,1.4,1.65
12780.0,0.004,-0.001,1.004,-4.94,1.25,1.59
12800.0,0.002,-0.000,0.999,-4.98,1.58,1.63
12820.0,0.000,-0.002,1.001,-4.87,1.5,1.73
12840.0,0.003,-0.001,1.001,-5.34,1.4,1.63
12860.0,-0.003,0.003,1.004,-5.2,1.66,1.69
12880.0,-0.001,-0.001,1.000,-5.28,1.34,1.73
12900.0,0.002,-0.001,1.003,-5.07,1.33,1.58
12920.0,0.000,0.002,1.002,-5.24,1.4,1.69
12940.0,-0.000,-0.000,0.999,-5.24,1.58,1.58
12960.0,-0.004,-0.001,1.007,-4.98,1.31,1.74
12980.0,0.002,-0.004,0.994,-5.16,1.18,1.79
13000.0,0.000,-0.002,1.002,-5.31,1.17,1.61
13020.0,0.004,-0.001,1.003,-4.94,1.56,1.64
13040.0,-0.001,-0.002,1.004,-5.03,1.47,1.69
13060.0,0.002,0.002,1.001,-5.29,1.45,1.72
13080.0,0.001,0.003,1.000,-5.1,1.66,1.84
13100.0,-0.002,-0.000,1.002,-5.36,1.26,1.67
13120.0,0.001,0.004,1.002,-5.34,1.25,1.68
13140.0,-0.000,0.000,1.002,-5.24,1.4,1.58
13160.0,-0.004,-0.005,1.006,-5.14,1.39,1.86
13180.0,-0.002,0.003,1.000,-5.16,1.16,1.74
13200.0,0.002,0.004,1.000,-5.04,1.12,1.69
13220.0,0.003,0.002,0.999,-5.02,1.49,1.72
13240.0,0.007,0.001,0.998,-5.27,1.66,1.62
13260.0,0.003,-0.003,1.005,-5.09,1.52,1.62
13280.0,0.001,-0.002,1.006,-5.29,1.3,1.79
13300.0,0.002,0.002,0.997,-5.32,1.56,1.49
13320.0,0.003,0.000,1.000,-5.07,1.18,1.55
13340.0,-0.000,-0.003,0.999,-5.26,1.37,1.78
13360.0,0.001,0.003,1.003,-5.23,1.44,1.64
13380.0,-0.003,0.003,0.997,-5.2,1.49,1.72
13400.0,0.003,-0.000,1.005,-5.06,1.64,1.69
13420.0,0.002,-0.001,0.997,-5.01,1.5,1.5
13440.0,0.002,-0.003,1.002,-5.18,1.25,1.73
13460.0,-0.000,-0.002,0.996,-5.39,1.27,1.76
13480.0,0.001,-0.001,0.998,-5.16,1.51,1.79
13500.0,-0.002,0.003,1.006,-5.24,1.37,1.66
13520.0,0.001,-0.001,0.998,-4.89,1.18,1.88
13540.0,0.002,-0.001,1.002,-5.48,1.47,1.76
13560.0,0.000,-0.006,0.993,-5.23,1.18,1.79
13580.0,0.003,0.003,0.999,-5.31,1.53,1.57
13600.0,-0.002,-0.004,1.002,-4.98,1.37,1.81
13620.0,0.003,0.002,0.999,-4.95,1.43,1.79
13640.0,-0.004,0.000,1.001,-5.32,1.35,1.73
13660.0,-0.002,-0.001,1.007,-5.26,1.42,1.91
13680.0,0.002,-0.001,1.003,-5.28,1.33,1.93
13700.0,0.003,0.000,0.998,-5.11,1.72,1.55
13720.0,-0.000,0.001,1.001,-5.03,1.48,1.76
13740.0,-0.000,-0.000,0.999,-5.11,1.53,1.78
13760.0,0.003,-0.001,1.000,-5.03,1.27,1.75
13780.0,0.002,-0.002,0.994,-5.11,1.29,1.63
13800.0,-0.001,-0.001,1.005,-5.23,1.29,1.68
13820.0,0.000,-0.002,1.002,-5.07,1.56,1.73
13840.0,0.001,-0.003,0.999,-5.27,1.42,1.63
13860.0,-0.001,-0.002,0.999,-5.24,1.53,1.48
13880.0,0.001,0.000,1.001,-5.34,1.21,1.87
13900.0,0.002,-0.002,1.001,-4.91,1.6,1.82
13920.0,-0.001,0.000,0.996,-5.05,1.47,1.57
13940.0,-0.000,0.001,1.002,-5.4,1.34,1.6
13960.0,0.006,-0.002,0.998,-4.91,1.25,1.79
13980.0,0.002,-0.001,1.002,-5.17,1.36,1.4
14000.0,-0.001,-0.002,1.002,-5.27,1.31,1.85
14020.0,-0.000,-0.003,1.005,-5.07,1.14,1.74
14040.0,-0.002,-0.001,1.001,-5.27,1.5,1.72
14060.0,-0.002,-0.003,1.012,-5.11,1.31,1.56
14080.0,0.006,-0.003,1.007,-5.4,1.56,1.69
14100.0,0.001,-0.001,0.994,-5.13,1.1,1.79
14120.0,0.002,0.003,0.992,-5.24,1.56,1.86
14140.0,-0.001,-0.002,1.000,-5.03,1.49,1.5
14160.0,0.003,0.002,1.002,-5.11,1.21,1.77
14180.0,0.003,0.002,1.000,-5.24,1.49,1.45
14200.0,0.003,-0.001,1.001,-5.24,1.31,1.67
14220.0,-0.001,0.002,0.998,-5.01,1.06,1.48
14240.0,0.003,-0.002,0.996,-4.97,1.31,1.89
14260.0,0.000,0.000,1.006,-5.07,1.21,1.5
14280.0,0.000,-0.001,0.998,-5.1,1.52,1.67
14300.0,0.002,-0.001,1.005,-5.07,1.21,1.46
14320.0,0.002,-0.002,1.001,-5.4,1.37,1.69
14340.0,-0.004,-0.002,0.997,-5.19,1.36,1.26
14360.0,0.001,-0.001,1.000,-5.31,1.4,1.66
14380.0,0.003,-0.002,1.000,-5.09,1.31,1.57
14400.0,-0.001,0.001,0.993,-5.18,1.44,1.53
14420.0,0.001,-0.002,1.001,-5.34,1.44,1.68
14440.0,-0.002,0.000,0.996,-5.02,1.36,1.74
14460.0,0.003,0.001,0.995,-5.2,1.25,1.4
14480.0,-0.000,-0.005,0.999,-5.3,1.5,1.56
14500.0,0.003,-0.003,0.999,-5.01,1.58,1.61
14520.0,-0.001,0.004,0.998,-4.94,1.54,1.54
14540.0,0.002,-0.002,0.998,-4.91,1.51,1.55
14560.0,0.001,0.002,1.002,-5.38,1.44,1.59
14580.0,-0.002,-0.001,1.003,-5.27,1.38,1.5
14600.0,-0.002,0.003,0.997,-5.18,1.38,1.47
14620.0,-0.000,-0.002,0.996,-5.04,1.46,1.63
14640.0,0.002,-0.000,0.996,-5.31,1.27,1.46
14660.0,-0.000,-0.003,1.006,-5.11,1.43,1.82
14680.0,0.005,0.002,1.005,-5.24,1.38,1.7
14700.0,0.001,-0.001,0.995,-4.91,1.67,1.75
14720.0,0.003,-0.004,1.004,-5.36,1.46,1.64
14740.0,-0.002,-0.001,1.000,-5.15,1.58,1.53
14760.0,0.000,0.002,0.996,-5.32,1.24,1.66
14780.0,-0.001,-0.001,0.998,-5.49,1.17,1.68
14800.0,-0.001,0.003,0.992,-5.4,1.39,1.7
14820.0,0.001,-0.002,0.999,-5.07,1.47,1.61
14840.0,0.005,0.002,0.995,-5.1,1.47,1.65
14860.0,0.002,-0.006,1.000,-5.17,1.5,1.65
14880.0,0.002,0.000,1.003,-5.36,1.4,1.66
14900.0,-0.000,-0.001,1.005,-5.27,1.35,1.7
14920.0,0.004,0.002,1.004,-5.17,1.37,1.71
14940.0,-0.000,0.001,1.000,-5.19,1.35,1.76
14960.0,0.001,-0.002,0.995,-4.9,1.45,1.77
14980.0,0.000,0.001,1.006,-5.2,1.27,1.68
15000.0,-0.002,-0.003,0.993,-4.91,1.17,1.69
